"敌人ID","日本敌人名称","入队概率分母","基础入队概率","队友ID","日本队友名称","中文敌人名称","中文队友名称"
"3","バニースライム娘","1","1/1（100.00%）","54","うさ","兔子史莱姆娘","小兔子"
"4","ナメクジ娘","2","1/2（50.00%）","55","メルク","蛞蝓娘","梅尔克"
"5","インプ","2","1/2（50.00%）","56","ラミ","小恶魔","拉米"
"6","マンドラゴラ娘","3","1/3（33.33%）","59","ラゴラ","曼德拉娘","拉戈拉"
"7","犬娘","3","1/3（33.33%）","60","ポチ","犬娘","波奇"
"8","ミミズ娘","3","1/3（33.33%）","61","ミミー","蚯蚓娘","米米"
"13","ネズミ娘","3","1/3（33.33%）","70","ラティ","鼠娘","拉蒂"
"14","狼娘","2","1/2（50.00%）","71","アマラ","狼娘","阿玛拉"
"16","ヒル娘","3","1/3（33.33%）","73","ヒル","水蛭娘","希尔"
"17","ウサギ娘","1","1/1（100.00%）","74","バーニー","兔娘","巴妮"
"18","羊娘","2","1/2（50.00%）","75","メリー","羊娘","梅丽"
"19","シュリー","4","1/4（25.00%）","76","シュリー","修莉","修莉"
"20","ジェイド","4","1/4（25.00%）","77","ジェイド","杰伊德","杰伊德"
"21","シェスタ","4","1/4（25.00%）","78","シェスタ","谢丝塔","谢丝塔"
"23","オーク娘","2","1/2（50.00%）","80","ヒップ","兽人娘","臀部"
"24","ミツバチ娘","2","1/2（50.00%）","81","ハニー","蜜蜂娘","甜心"
"25","スズメ娘","2","1/2（50.00%）","82","ちゅん","麻雀娘","鹑"
"26","ハーピー","2","1/2（50.00%）","83","レイナ","哈比","蕾娜"
"27","ハーピーツインズ","3","1/3（33.33%）","84","ピナ＆ピィ","哈比姐妹","皮娜＆皮伊"
"29","ハイスラッグ娘","3","1/3（33.33%）","85","エリザベス","高阶蛞蝓娘","艾利莎贝"
"30","ナメクジシスター","4","1/4（25.00%）","86","ロザリオ","蛞蝓修女","罗莎莉奥"
"32","ジャックオーランタン","2","1/2（50.00%）","88","かぼちゃ","杰克灯笼","南瓜"
"33","ローパー娘","4","1/4（25.00%）","89","シンディ","树绳妖娘","辛蒂"
"34","メーダ娘","4","1/4（25.00%）","90","メルメル","梅达娘","梅鲁梅鲁"
"35","キャンドル娘","4","1/4（25.00%）","91","キャンドラ","蜡烛娘","坎德拉"
"36","イーター","4","1/4（25.00%）","92","イーター","伊塔","伊塔"
"37","ライオット","4","1/4（25.00%）","93","ライオット","莱奥特","莱奥特"
"38","ルクスル","4","1/4（25.00%）","94","ルクスル","露克斯","露克斯"
"39","ダークエルフ","3","1/3（33.33%）","95","ロナ","暗精灵","罗娜"
"40","ダークエルフ","4","1/4（25.00%）","96","マリオン","暗精灵","玛丽昂"
"41","フェアリー","2","1/2（50.00%）","97","フェル","妖精","菲尔"
"42","ミニカニ娘","4","1/4（25.00%）","98","エイミ","迷你蟹娘","艾米"
"43","ナマズ娘","4","1/4（25.00%）","99","ギギ","鲶鱼娘","吉吉"
"44","ラフレシア娘","4","1/4（25.00%）","100","フレシア","霸王花娘","芙莉西亚"
"45","セントール","2","1/2（50.00%）","101","リヒティーヌ","半人马","莉希蒂娜"
"46","銀狐二尾","2","1/2（50.00%）","102","きつね","银狐二尾","狐狸"
"47","かむろ二尾","2","1/2（50.00%）","103","かむろ","神室二尾","神室"
"48","クモ娘","5","1/5（20.00%）","104","ラクネ","蜘蛛娘","拉克涅"
"49","ミミック娘","5","1/5（20.00%）","105","ミネリ","宝箱娘","米内莉"
"52","ナマコ娘","4","1/4（25.00%）","107","ユメ","海参娘","梦"
"53","貝娘","4","1/4（25.00%）","108","シェリー","贝娘","雪莉"
"54","カニ娘","3","1/3（33.33%）","109","ソープ","螃蟹娘","索普"
"55","スライムベス娘","2","1/2（50.00%）","110","ベス","史莱姆贝丝娘","贝丝"
"56","スイカ娘","4","1/4（25.00%）","111","メロン","西瓜娘","蜜瓜"
"57","ウツボカズラ娘","4","1/4（25.00%）","112","かずら","猪笼草娘","葛"
"58","ラミア","3","1/3（33.33%）","113","アナスタシア","拉米亚","安娜塔西亚"
"59","ワカメ娘","4","1/4（25.00%）","114","わかめ","裙带菜娘","海带"
"60","クラゲ娘","4","1/4（25.00%）","115","くらげ","海蜇娘","水母"
"61","イソギンチャク娘","4","1/4（25.00%）","116","イザベル","海葵娘","伊莎贝尔"
"62","アンコウ娘","4","1/4（25.00%）","117","あんこ","鮟鱇鱼娘","豆沙"
"64","17ページ","3","1/3（33.33%）","119","アニー","17页","安妮"
"65","257ページ","4","1/4（25.00%）","120","ヨーコ","257页","洋子"
"67","シスターラミア","4","1/4（25.00%）","122","ソフィア","修女拉米亚","索菲亚"
"68","シスキュバス","4","1/4（25.00%）","123","クリスティー","修女魅魔","克莉丝蒂娜"
"69","アリクイ娘","4","1/4（25.00%）","124","杏奈","食蚁兽娘","杏奈"
"70","グリズリー娘","3","1/3（33.33%）","125","アイシャ","灰熊娘","艾莎"
"71","XX-7","4","1/4（25.00%）","126","ロビン","XX-7","罗宾"
"72","リトルバグ","4","1/4（25.00%）","127","リッピー","小虫","莉皮"
"73","キャンサーロイド","5","1/5（20.00%）","128","ジリアン","巨蟹机器人","吉莉安"
"75","ゴースト","3","1/3（33.33%）","130","キャリー","幽灵","嘉莉"
"76","呪いの人形娘","3","1/3（33.33%）","131","みやび","诅咒人偶娘","美雅"
"77","ゾンビ剣士","3","1/3（33.33%）","132","エリィ","僵尸剑士","艾莉"
"78","ゾンビ娘","4","1/4（25.00%）","133","ゾンビーズ","僵尸娘","僵尸们"
"84","エルフ","3","1/3（33.33%）","136","クローディア","精灵","克劳蒂娅"
"85","ブラウニーズ","4","1/4（25.00%）","137","ラブ＆ラム","棕精灵们","拉布＆拉姆"
"86","ツインズフェアリー","4","1/4（25.00%）","138","ミル＆リル","小仙子姐妹","米尔与莉尔"
"87","フェアリーズ","4","1/4（25.00%）","139","フェアリーズ","小仙子们","小仙子们"
"95","タランチュラ娘","4","1/4（25.00%）","140","ラチュラ","塔兰图拉毒蛛娘","塔图拉"
"96","ミノタウロス娘","3","1/3（33.33%）","141","ミナ","米诺陶洛斯娘","米娜"
"97","バンダースナッチ娘","4","1/4（25.00%）","142","バナッチ","攫速者娘","巴纳奇"
"99","サボレス","3","1/3（33.33%）","144","サニー","萨博雷斯","萨妮"
"100","ムカデ娘","4","1/4（25.00%）","145","ヴァネッサ","蜈蚣娘","温妮莎"
"101","サソリ娘","3","1/3（33.33%）","146","スカーレット","蝎娘","斯卡蕾特"
"102","サボテン娘","4","1/4（25.00%）","147","キャスタ","仙人掌娘","卡斯塔"
"103","ダチョウ娘","3","1/3（33.33%）","148","ミュー","鸵鸟娘","缪"
"104","ランプの魔女","4","1/4（25.00%）","149","ジーニー","神灯魔女","吉妮"
"105","ミイラ娘","3","1/3（33.33%）","150","パトラ","木乃伊娘","帕特拉"
"106","コブラ娘","4","1/4（25.00%）","151","ライラ","眼镜蛇娘","莱拉"
"107","ネフェルラミアス","4","1/4（25.00%）","152","ネフェルラミアス","奈夫顿拉米亚集团","奈夫顿拉米亚集团"
"111","ワニ娘","4","1/4（25.00%）","154","ガー","鳄鱼娘","咬咬"
"113","デビルファイター","3","1/3（33.33%）","156","レジーナ","恶魔战士","蕾吉娜"
"114","大蜘蛛","4","1/4（25.00%）","157","アシダカ","大蜘蛛","阿茜达卡"
"115","サックボア","4","1/4（25.00%）","158","アンナ","榨精生物","安娜"
"116","アイアンメイデン","5","1/5（20.00%）","159","メイデン","铁处女","梅登"
"117","ワームビレッジャ","4","1/4（25.00%）","160","ユリア","蠕虫村姑","尤莉亚"
"118","ウーストレル","4","1/4（25.00%）","161","レモン","乌斯托尔","柠檬"
"119","蜜壺","5","1/5（20.00%）","162","蜜壺","蜜壶","蜜壶"
"121","小鬼","3","1/3（33.33%）","164","雫","小鬼","雫"
"122","オナホ娘","4","1/4（25.00%）","165","ナホ","飞机杯娘","奈穗"
"123","ナーキュバス","4","1/4（25.00%）","166","ナビス","护士魅魔","娜维斯"
"125","百々目鬼","4","1/4（25.00%）","168","まなこ","百目鬼","真奈子"
"126","リザードシーフ","3","1/3（33.33%）","169","リル","蜥蜴盗贼","莉露"
"127","リザードシーフ","4","1/4（25.00%）","170","レン","蜥蜴盗贼","莲"
"129","蜃気楼娘","4","1/4（25.00%）","172","ミラージュ","海市蜃楼娘","幻舞"
"130","アリジゴク娘","4","1/4（25.00%）","173","ヘレン","蚁狮娘","海伦"
"131","サンドワーム娘","5","1/5（20.00%）","174","ダリア","沙虫娘","达利亚"
"132","デザートスキュラ","4","1/4（25.00%）","175","ディジィ","沙漠斯库拉","迪吉"
"134","ヴィタエ","5","1/5（20.00%）","176","ヴィタエ","薇塔耶","薇塔耶"
"135","ヴェータラ","5","1/5（20.00%）","177","ヴェータラ","维塔拉","维塔拉"
"136","ヴァルト","5","1/5（20.00%）","178","ヴァルト","瓦尔特","瓦尔特"
"137","シニファ","5","1/5（20.00%）","179","シニファ","希妮法","希妮法"
"138","シャドー娘","4","1/4（25.00%）","180","シャドー","影子娘","影"
"139","ガイストビーネ","4","1/4（25.00%）","181","リザ","画像娘","丽莎"
"140","キメラホムンクルス","4","1/4（25.00%）","182","クロウリー","奇美拉人造人","克劳利"
"141","アイアンメイデン改","5","1/5（20.00%）","183","トーチャ","铁处女改","托琪亚"
"142","ジャンクドール娘","5","1/5（20.00%）","184","フランチェスカ","废品人偶娘","弗朗西斯卡"
"151","きのこ娘","4","1/4（25.00%）","191","ウィドウ","蘑菇娘","维德"
"152","ノビスタドール娘","4","1/4（25.00%）","192","ノービィ","隐形虫娘","诺维"
"153","ウルスキュラ","4","1/4（25.00%）","193","フリル","狼首斯库拉","芙莉露"
"154","襖","5","1/5（20.00%）","194","うらら","袄","乌拉拉"
"155","マーメイド","3","1/3（33.33%）","195","メーヌ","人鱼","梅努"
"156","商人マーメイド","4","1/4（25.00%）","196","ミンク","商人人鱼","米努克"
"157","海賊マーメイド","2","1/2（50.00%）","197","ロリッタ","海贼人鱼","洛丽塔"
"158","一反木綿娘","5","1/5（20.00%）","198","もめん","一反木绵娘","木棉"
"161","ダゴン娘","4","1/4（25.00%）","199","セラフィ","达贡娘","赛拉菲"
"162","人魂娘","4","1/4（25.00%）","200","フィアー","人魂娘","菲亚"
"168","カエル娘","4","1/4（25.00%）","206","けろろん＆クルル","青蛙娘","克罗罗恩＆库鲁鲁"
"170","ケンタウロス娘","4","1/4（25.00%）","207","ポニー","马人娘","小马"
"171","アルラウネ","2","1/2（50.00%）","208","フローラ","阿娜温","芙萝拉"
"172","御菊蟲","4","1/4（25.00%）","209","なのは","御菊虫","奈叶"
"173","幽霊娘","4","1/4（25.00%）","210","ぼたん","幽灵娘","牡丹"
"174","ハコイリ","5","1/5（20.00%）","211","ステファニー","箱中千金","斯蒂芬妮"
"179","濡れ女","4","1/4（25.00%）","214","白波","濡女","白波"
"180","ハイミノタウロス","3","1/3（33.33%）","215","キャロル","高阶米诺陶洛斯","卡萝尔"
"181","ミズタウロス","4","1/4（25.00%）","216","オデット","米诺陶洛斯女士","奥黛塔"
"182","ジニタウロス","4","1/4（25.00%）","217","トーラ","技师米诺陶洛斯","托特"
"185","くのいちエルフ","4","1/4（25.00%）","219","かすみ","女忍精灵","霞"
"186","サムライエルフ","4","1/4（25.00%）","220","月花","武士精灵","月花"
"187","雪女","3","1/3（33.33%）","221","お雪","雪女","阿雪"
"188","ねこまた","2","1/2（50.00%）","222","たま","猫又","小玉"
"189","あかなめ","3","1/3（33.33%）","223","かなめ","垢舐鬼","卡娜美"
"190","河童","3","1/3（33.33%）","224","カワコ","河童","川子"
"191","二口娘","3","1/3（33.33%）","225","さくら","二口娘","樱"
"193","巫女ラミア","4","1/4（25.00%）","227","魅月","巫女拉米亚","魅月"
"194","巫女アラクネ","4","1/4（25.00%）","228","まや","巫女阿拉克涅","麻耶"
"195","毛倡妓","4","1/4（25.00%）","229","ツバキ","毛倡妓","椿"
"197","マジカルアゲハ","5","1/5（20.00%）","231","バグスタッフ","魔法凤蝶","魔法学院低级生"
"200","マジカルピクシー","5","1/5（20.00%）","232","マギスタンズ","魔法皮克西","魔法学院高级生"
"204","カマキリ娘","4","1/4（25.00%）","234","マティス","螳螂娘","玛蒂斯"
"205","カイコ娘","4","1/4（25.00%）","235","シルク","蚕娘","丝露库"
"206","アルラ・アルム","4","1/4（25.00%）","236","プランツイン","阿娜・阿尔姆","植物双胞胎"
"208","アルラ・ボア","4","1/4（25.00%）","237","アルプランツ","阿娜・吞噬藤","阿娜温们"
"216","モス娘","4","1/4（25.00%）","243","インセクツ","蛾娘","昆虫娘们"
"219","スズメバチ娘","3","1/3（33.33%）","244","ビー","胡蜂娘","蜜蜂"
"225","ジェリー娘","4","1/4（25.00%）","246","ジェリル","果冻娘","杰里尔"
"226","ブロブ娘","4","1/4（25.00%）","247","ブロブ","粘体娘","布洛布"
"230","パープルスライム","5","1/5（20.00%）","248","スライミーズ","紫史莱姆","史莱姆们"
"233","アリ娘","3","1/3（33.33%）","249","アント","蚁娘","蚂蚁"
"234","オートマータ娘","2","1/2（50.00%）","250","コッペリア","自动机娘","科佩利亚"
"235","パイズリ人形","4","1/4（25.00%）","251","パイン","乳交人偶","阿乳"
"236","スキュラ","3","1/3（33.33%）","252","キューラ","斯库拉","库拉"
"237","メデューサ","4","1/4（25.00%）","253","デューサ","美杜莎","杜莎"
"238","あげは娘","4","1/4（25.00%）","254","あげは","凤蝶娘","凤蝶"
"239","ブロム娘","4","1/4（25.00%）","255","ブルーム","剧毒史莱姆娘","布鲁姆"
"240","ウォーマー","3","1/3（33.33%）","256","エルマ","沼泽毒尸","艾尔玛"
"241","グール","5","1/5（20.00%）","257","グールズ","食尸鬼","食尸鬼群"
"244","フェイクジェリー","5","1/5（20.00%）","258","アルネ","假水母","阿尔涅"
"245","ウィングハーピー","4","1/4（25.00%）","259","つばさ","翼身哈比","翼"
"246","ナイトハーピー","4","1/4（25.00%）","260","クリス","骑士哈比","克莉丝"
"247","マッドゴーレム娘","5","1/5（20.00%）","261","ノーグ","疯狂泥魔像娘","诺格"
"249","ハナビラカマキリ娘","4","1/4（25.00%）","263","ヒナゲシ","兰花螳螂娘","虞美人"
"250","ブラックゴーレム","4","1/4（25.00%）","264","マイス","黑暗魔像","麦丝"
"251","狐獣","4","1/4（25.00%）","265","はるか","狐兽","遥"
"252","くのいち三尾","4","1/4（25.00%）","266","ミナモ","女忍三尾","美奈萌"
"253","もののふ四尾","4","1/4（25.00%）","267","イヅナ","武士四尾","伊津奈"
"256","溶岩娘","4","1/4（25.00%）","269","ロミ","熔岩娘","罗米"
"257","デーモンラミア","4","1/4（25.00%）","270","アルビーナ","恶魔拉米亚","阿尔比娜"
"258","デーモンスキュラ","4","1/4（25.00%）","271","ミリアム","恶魔斯库拉","米莉亚姆"
"259","セイレーン","3","1/3（33.33%）","272","レーネ","塞壬","蕾涅"
"260","サンゴ娘","5","1/5（20.00%）","273","サンゴ","珊瑚娘","珊瑚"
"261","ヒトデ娘","4","1/4（25.00%）","274","アスタ","海星娘","阿斯塔"
"265","アークジェリー","4","1/4（25.00%）","278","サマンサ","电弧水母","萨曼莎"
"266","エルダースキュラ","4","1/4（25.00%）","279","オーマ","长老斯库拉","奥玛"
"268","サキュバス","5","1/5（20.00%）","281","ハーレム","魅魔","后宫"
"272","メイキュバス","5","1/5（20.00%）","282","メイ","女仆魅魔","梅"
"279","マダムインセクト","4","1/4（25.00%）","290","シルヴィア","昆虫夫人","希尔维娅"
"280","マダムアンブレラ","4","1/4（25.00%）","291","シャロン","伞夫人","夏洛特"
"281","アラディア","5","1/5（20.00%）","292","アラディア","阿拉迪亚","阿拉迪亚"
"283","バジリスク娘","4","1/4（25.00%）","297","バージリン","鸡蛇娘","巴吉琳"
"284","ドラゴン娘","4","1/4（25.00%）","298","グランテ","龙娘","格兰特"
"287","ゼラチナスキューブ娘","5","1/5（20.00%）","299","マージュ","凝胶立方娘","玛吉"
"288","妖鬼","4","1/4（25.00%）","300","くれは","妖鬼","克蕾雅"
"289","虎娘","5","1/5（20.00%）","301","虎南","虎娘","虎南"
"290","ヴァンパイア","3","1/3（33.33%）","302","ヴィルヘルミナ","吸血鬼","维尔赫尔米娜"
"291","ジェライラ","5","1/5（20.00%）","303","ジェライラ","杰莱拉","杰莱拉"
"292","リボ・リボ","5","1/5（20.00%）","304","リボ・リボ","莉波・莉波","莉波・莉波"
"293","アンフィル","5","1/5（20.00%）","305","アンフィル","安菲尔","安菲尔"
"294","ツィンケル","5","1/5（20.00%）","306","ツィンケル","辛克尔","辛克尔"
"299","シーアネモネ","4","1/4（25.00%）","307","アネモ","海百合","海百合"
"300","水龍娘","5","1/5（20.00%）","308","みお","水龙娘","美绪"
"301","マンタ娘","5","1/5（20.00%）","309","オーシャン","蝠鲼娘","奥珊"
"302","イッカク娘","5","1/5（20.00%）","310","ホルン","独角鲸娘","霍恩"
"303","トリックフェアリー","5","1/5（20.00%）","311","シシリー","捣蛋小仙子","希希莉"
"304","アマゾネスエルフ","4","1/4（25.00%）","312","サン","亚马逊精灵","桑"
"305","カーバンクル娘","4","1/4（25.00%）","313","カルカナ","卡班克尔娘","卡尔卡娜"
"306","ジャイガンテック娘","5","1/5（20.00%）","314","ジェイム","巨人娘","杰姆"
"309","フォレストアルラウネ","4","1/4（25.00%）","317","アリア","森林阿娜温","阿莉亚"
"310","フォレストドリアード","4","1/4（25.00%）","318","ラシェル","森林树精","拉谢尔"
"311","ワルラウネ","4","1/4（25.00%）","319","ベラドンナ","恶娜温","贝拉多娜"
"312","ドリアード","3","1/3（33.33%）","320","ドリア","树精","多莉亚"
"313","ドリアード","3","1/3（33.33%）","321","ドリエ","树精","多莉耶"
"316","ナイトマーメイド","3","1/3（33.33%）","324","メリル","骑士人鱼","梅莉尔"
"317","ジェネラルマーメイド","4","1/4（25.00%）","325","ジェシー","将军人鱼","杰西"
"318","ローレライ","3","1/3（33.33%）","326","ハイネ","罗蕾莱","海涅"
"321","アラクネ","5","1/5（20.00%）","330","アラクネーズ","阿拉克涅","阿拉克涅集团"
"324","あやし土蜘蛛","5","1/5（20.00%）","331","ミズキ","诡怪土蜘蛛","水木"
"325","アラクネロード","5","1/5（20.00%）","332","アラーニェ","阿拉克涅领主","阿拉涅"
"326","アトラク＝ナクア","5","1/5（20.00%）","333","ナクア","阿特拉克・纳克亚","纳克亚"
"328","コンキスタ","4","1/4（25.00%）","335","エビータ","征服者","艾薇塔"
"329","ヴェンデッタ","4","1/4（25.00%）","336","アンヘラ","仇杀者","安吉拉"
"330","エルダーヴァンパイア","4","1/4（25.00%）","337","ヴァルヘルト","长老吸血鬼","瓦尔赫尔特"
"334","マスターシャドウ","4","1/4（25.00%）","342","エスメラルダ","幽影之主","艾斯梅拉达"
"335","煙々羅","5","1/5（20.00%）","343","夕霧","烟烟罗","夕雾"
"336","麒麟","5","1/5（20.00%）","344","キリン","麒麟","绮铃"
"337","蛇骨女","5","1/5（20.00%）","345","蛇骨殿","蛇骨女","蛇骨殿"
"338","ベヒーモス娘","3","1/3（33.33%）","346","ベヒーナ","贝希摩斯娘","贝希娜"
"339","ワイバーン","4","1/4（25.00%）","347","ワーバイン","飞龙","瓦尔拜因"
"340","巨竜娘","4","1/4（25.00%）","348","ぎが","巨龙娘","巍峨"
"341","モンクサキュバス","4","1/4（25.00%）","349","エルザ","僧侣魅魔","厄萨"
"342","モンクデーモン","4","1/4（25.00%）","350","アニー","僧侣恶魔","安妮"
"343","スキュラサーバント","5","1/5（20.00%）","351","セシール","斯库拉女仆","塞西尔"
"344","ヴィーヴル娘","5","1/5（20.00%）","352","ヴィーヴィー","薇薇尔娘","薇薇"
"351","氷の魔女","5","1/5（20.00%）","353","イルマ","冰之魔女","艾尔玛"
"352","シロクマ娘","3","1/3（33.33%）","354","クヌート","白熊娘","克努特"
"353","天使兵","3","1/3（33.33%）","355","エンジェルズ","天使兵","天使们"
"358","トリニティ","5","1/5（20.00%）","356","トリニティ","三位一体","三位一体"
"361","ウラヌス","5","1/5（20.00%）","357","ウラヌス","乌拉诺斯","乌拉诺斯"
"362","エリシエル","5","1/5（20.00%）","358","エリシエル","伊利西艾尔","伊利西艾尔"
"363","キューピッド","3","1/3（33.33%）","359","キューピー","丘比特","丘比"
"364","ヴァルキリー","3","1/3（33.33%）","360","ヴィクトリア","瓦尔基里","维多利亚"
"366","ヘリエル","5","1/5（20.00%）","361","ヘリエル","海莉艾尔","海莉艾尔"
"367","アルシエル","5","1/5（20.00%）","362","アルシエル","艾尔西艾尔","艾尔西艾尔"
"373","キメラビースト","4","1/4（25.00%）","363","がぶり","奇美拉兽","伽捕"
"374","S-2","4","1/4（25.00%）","364","あわわ","S-2","阿哇哇"
"375","A-3","4","1/4（25.00%）","365","ぱたぱた","A-3","啪嗒啪嗒"
"376","AD-5","4","1/4（25.00%）","366","まっきー","AD-5","玛奇"
"377","Q-5","5","1/5（20.00%）","367","ぐるる","Q-5","咕噜噜"
"462","サキュバス","4","1/4（25.00%）","829","リリン","魅魔","莉莉恩"
"492","サキュバス","4","1/4（25.00%）","831","アヤネ","魅魔","绫音"
"494","サキュバス","4","1/4（25.00%）","830","メア","魅魔","梅亚"
"502","コックローチ娘","2","1/2（50.00%）","404","クローナ","蟑螂娘","克萝娜"
"503","スピードローチ","3","1/3（33.33%）","405","ローファ","迅捷蟑螂","乐福"
"507","マジックポット","2","1/2（50.00%）","407","ポトフ","魔法壶","波托夫"
"508","豆狸","1","1/1（100.00%）","408","ぽんぽこ","豆狸","蓬蓬可"
"509","上狸","3","1/3（33.33%）","409","たぬぽん","上狸","狸咚"
"510","忍狸","3","1/3（33.33%）","410","どろん","忍狸","忽隆"
"511","化け狸","3","1/3（33.33%）","411","望月","化狸","望月"
"515","くのいちエルフ","3","1/3（33.33%）","414","夜の蜻蛉","女忍精灵","夜之蜻蛉"
"518","くのいちサキュバス","4","1/4（25.00%）","415","天音","女忍魅魔","天音"
"519","くのいちハーピー","4","1/4（25.00%）","416","燕","女忍哈比","燕"
"520","くのいちスキュラ","4","1/4（25.00%）","417","紫陽花","女忍斯库拉","紫阳花"
"521","くのいちアラクネ","4","1/4（25.00%）","418","蛍","女忍阿拉克涅","蛍"
"526","エルダーサキュバス","3","1/3（33.33%）","421","アロマ","长老魅魔","阿罗玛"
"527","グランセントール","2","1/2（50.00%）","422","ランスロット","巨型半人马","兰斯洛特"
"528","エイビス娘","3","1/3（33.33%）","423","アンドレア","龙鸟娘","安茱莉亚"
"529","陰陽五尾","4","1/4（25.00%）","424","初音","阴阳五尾","初音"
"530","花魁六尾","4","1/4（25.00%）","425","藤袴","花魁六尾","藤袴"
"545","アモルドール","10","1/10（10.00%）","429","アモルドール","阿莫尔人偶","阿莫尔人偶"
"548","ペルセポネー","10","1/10（10.00%）","430","ペルセポネー","珀耳塞福涅","珀耳塞福涅"
"549","トリロバイト","10","1/10（10.00%）","431","トリロバイト","三叶虫","三叶虫"
"554","マリエル","6","1/6（16.67%）","435","マリエル","玛丽艾尔","玛丽艾尔"
"555","淫乳天女","8","1/8（12.50%）","436","乳々","淫乳天女","乳乳"
"556","キメラテンタクル","8","1/8（12.50%）","437","フィオナ","奇美拉触手","菲奥娜"
"558","アリエル","4","1/4（25.00%）","438","アリエル","阿莉艾尔","阿莉艾尔"
"559","ラナエル","8","1/8（12.50%）","439","ラナエル","拉娜艾尔","拉娜艾尔"
"562","ナガエル","8","1/8（12.50%）","440","ナガエル","娜迦艾尔","娜迦艾尔"
"563","キメラメデュラハン","8","1/8（12.50%）","441","ロンド","奇美拉美杜拉罕","朗多"
"565","ラタエル","6","1/6（16.67%）","442","ラタエル","菈塔艾尔","菈塔艾尔"
"566","リファイール","10","1/10（10.00%）","443","リファイール","利芙艾尔","利芙艾尔"
"568","ギリエル","4","1/4（25.00%）","444","ギリエル","吉莉艾尔","吉莉艾尔"
"569","トルーパーロイド","4","1/4（25.00%）","445","ポム","士兵机器人","波姆"
"571","サビリエル","8","1/8（12.50%）","446","サビリエル","萨比莉艾尔","萨比莉艾尔"
"574","ムズキエル","6","1/6（16.67%）","447","ムズキエル","穆祖吉艾尔","穆祖吉艾尔"
"575","シルキエル","8","1/8（12.50%）","448","シルキエル","希尔吉艾尔","希尔吉艾尔"
"577","ベリエル","8","1/8（12.50%）","449","ベリエル","贝莉艾尔","贝莉艾尔"
"578","キメラプラント","6","1/6（16.67%）","450","エラント","奇美拉植物","艾兰特"
"579","リヴァエル","8","1/8（12.50%）","451","リヴァエル","莉瓦艾尔","莉瓦艾尔"
"584","キメラタン","6","1/6（16.67%）","452","レロール","奇美拉舌","雷罗尔"
"585","キメラバグ","4","1/4（25.00%）","453","マリ","奇美拉虫","玛莉"
"586","キメラスラッグ","6","1/6（16.67%）","454","ジェイン","奇美拉蛞蝓","简"
"587","キメラドリアード","10","1/10（10.00%）","455","アリー","奇美拉树精","阿利"
"589","カトブレパス","8","1/8（12.50%）","456","ストーン","卡托布莱帕斯","斯通"
"590","テュポーン","8","1/8（12.50%）","457","テュポーネ","堤丰","提丰妮"
"593","トラップテミス","4","1/4（25.00%）","459","ビーナス","陷阱忒弥斯","维纳斯"
"595","フーリエル","8","1/8（12.50%）","460","フーリエル","傅里艾尔","傅里艾尔"
"596","ドレインプラント","6","1/6（16.67%）","461","ドリス","榨精植物","多丽丝"
"597","ドレインロイド","8","1/8（12.50%）","462","ロゴス","榨精机器人","逻各斯"
"598","ハンディロイド","8","1/8（12.50%）","463","カーラ","巧手机器人","卡拉"
"601","メイドエンジェル","4","1/4（25.00%）","464","メイジェル","女仆天使","梅琪尔"
"602","コックエンジェル","4","1/4（25.00%）","465","クジェル","厨师天使","库琪尔"
"603","ワイティエル","6","1/6（16.67%）","466","ワイティエル","怀蒂艾尔","怀蒂艾尔"
"604","ラミアンロイド","6","1/6（16.67%）","467","プシェル","拉米亚机器人","普谢尔"
"611","エンディエル","8","1/8（12.50%）","468","エンディエル","安迪艾尔","安迪艾尔"
"613","レプリカント","4","1/4（25.00%）","469","リプラ","新人类","瑞普拉"
"616","キメラプリズン","8","1/8（12.50%）","470","プリオ","奇美拉监狱","普里奥"
"619","マイコニド","6","1/6（16.67%）","471","デボラ","蕈人","黛博拉"
"620","マタンゴ","8","1/8（12.50%）","472","マタンゴ","玛坦戈","玛坦戈"
"621","メルティモス","6","1/6（16.67%）","473","モスミー","融蛾","莫斯米"
"622","メルティローズ","6","1/6（16.67%）","474","ローズ","融蔷薇","萝丝"
"623","キメラドリアード・ボア","10","1/10（10.00%）","475","ジャンヌ","奇美拉树精・吞噬","贞德"
"626","帽子のアリス","20","1/20（5.00%）","715","帽子のアリス","帽之爱丽丝","帽之爱丽丝"
"627","傘のアリス","20","1/20（5.00%）","716","傘のアリス","伞之爱丽丝","伞之爱丽丝"
"628","赤のアリス","20","1/20（5.00%）","717","赤のアリス","赤之爱丽丝","赤之爱丽丝"
"629","冬のアリス","20","1/20（5.00%）","718","冬のアリス","冬之爱丽丝","冬之爱丽丝"
"630","剣のアリス","20","1/20（5.00%）","719","剣のアリス","剑之爱丽丝","剑之爱丽丝"
"631","武のアリス","20","1/20（5.00%）","720","武のアリス","武之爱丽丝","武之爱丽丝"
"633","白のアリス","20","1/20（5.00%）","722","白のアリス","白之爱丽丝","白之爱丽丝"
"634","侍のアリス","20","1/20（5.00%）","723","侍のアリス","侍之爱丽丝","侍之爱丽丝"
"635","忍のアリス","20","1/20（5.00%）","724","忍のアリス","忍之爱丽丝","忍之爱丽丝"
"637","猟のアリス","20","1/20（5.00%）","721","猟のアリス","猎之爱丽丝","猎之爱丽丝"
"638","舞のアリス","20","1/20（5.00%）","725","舞のアリス","舞之爱丽丝","舞之爱丽丝"
"639","呪のアリス","20","1/20（5.00%）","727","呪のアリス","咒之爱丽丝","咒之爱丽丝"
"640","兎のアリス","20","1/20（5.00%）","728","兎のアリス","兔之爱丽丝","兔之爱丽丝"
"642","蝕のアリス","20","1/20（5.00%）","714","蝕のアリス","蚀之爱丽丝","蚀之爱丽丝"
"643","海のアリス","20","1/20（5.00%）","726","海のアリス","海之爱丽丝","海之爱丽丝"
"644","魔のアリス","20","1/20（5.00%）","729","魔のアリス","魔之爱丽丝","魔之爱丽丝"
"650","ヨモツシコメ","6","1/6（16.67%）","476","モコメ","黄泉丑女","黄泉女"
"651","フェルメサーラ","8","1/8（12.50%）","477","フェルメサーラ","拉之子美西芙","拉之子美西芙"
"652","エンジェルグール","8","1/8（12.50%）","478","ユリアレスカ","天使食尸鬼","尤莉亚雷斯卡"
"653","ドラゴンゾンビ娘","10","1/10（10.00%）","479","ドルバレル","僵尸龙娘","多尔巴雷尔"
"655","ドッペルエリート","8","1/8（12.50%）","505","ルカ・ドッペル","克隆体精英","鲁卡・克隆体"
"656","サルラック娘","10","1/10（10.00%）","480","ラック","沙拉克娘","拉克"
"662","シリエル","6","1/6（16.67%）","481","シリエル","希莉艾尔","希莉艾尔"
"663","エグエル","8","1/8（12.50%）","482","エグエル","艾格艾尔","艾格艾尔"
"664","キメラチャリオッツ","8","1/8（12.50%）","483","チェリオ","奇美拉战车","切里奥"
"665","ナイトロイド","8","1/8（12.50%）","484","レイローズ","骑士机器人","蕾洛斯"
"666","アサシンロイド","8","1/8（12.50%）","485","ミネビア","刺客机器人","米涅比亚"
"668","ユリエル","8","1/8（12.50%）","486","ユリエル","尤莉艾尔","尤莉艾尔"
"669","メルシエル","8","1/8（12.50%）","487","メルシエル","梅尔希艾尔","梅尔希艾尔"
"670","セバスイール","10","1/10（10.00%）","488","セバスイール","塞巴西艾尔","塞巴西艾尔"
"676","ホルミエル","10","1/10（10.00%）","489","ホルミエル","霍尔米艾尔","霍尔米艾尔"
"677","アプティエル","10","1/10（10.00%）","490","アプティエル","阿普蒂艾尔","阿普蒂艾尔"
"678","クリオネラ","10","1/10（10.00%）","491","クリオネラ","海天使","海天使"
"679","ロズニエル","10","1/10（10.00%）","492","ロズニエル","罗兹尼艾尔","罗兹尼艾尔"
"680","キュビエル","10","1/10（10.00%）","493","キュビエル","丘比艾尔","丘比艾尔"
"681","ワミエル","10","1/10（10.00%）","494","ワミエル","瓦米艾尔","瓦米艾尔"
"691","フェンリル","4","1/4（25.00%）","606","レラ","芬里尔","蕾拉"
"692","ガルキマセラ","6","1/6（16.67%）","607","ユージィー","月笛恶魔","尤吉"
"693","グレートオーク","6","1/6（16.67%）","608","グレッタ","巨兽人","格蕾塔"
"694","ランキュバス","6","1/6（16.67%）","609","リージュ","枪兵魅魔","莉茱"
"695","リーキュバス","6","1/6（16.67%）","610","ミラノ","贪吸魅魔","米拉娜"
"697","バフォメット","8","1/8（12.50%）","612","バフォム","巴风特","巴风姆"
"698","くだん","8","1/8（12.50%）","613","くだん","件","件"
"699","ヴェルラウネ","6","1/6（16.67%）","614","ヴェルベラ","丝绒娜温","维尔贝拉"
"700","ネペンデス","6","1/6（16.67%）","615","スミレ","食人花","堇"
"701","薔薇貴族","8","1/8（12.50%）","616","ローザ","蔷薇贵族","罗萨"
"706","ボムスライム","6","1/6（16.67%）","617","ボムボム","炸弹史莱姆","嘣嘣"
"707","リキュルスライム","6","1/6（16.67%）","618","リキュルン","利口酒史莱姆","利口伦"
"708","スライムプリンセス","8","1/8（12.50%）","619","プリン","史莱姆公主","布丁"
"709","アスラ","8","1/8（12.50%）","620","アスラ","阿修罗","阿修罗"
"710","ギガスライム","8","1/8（12.50%）","621","マキス","千兆史莱姆","马基斯"
"713","ラミアンナイトメア","8","1/8（12.50%）","622","レオノーラ","梦魇拉米亚","莱奥诺拉"
"714","ロードメデューサ","8","1/8（12.50%）","623","クローラント","美杜莎领主","克罗兰"
"715","パンドラ","10","1/10（10.00%）","624","パンドラ","潘多拉","潘多拉"
"718","ウツボ娘","4","1/4（25.00%）","625","ニョロ","海鳝娘","扭扭"
"719","アンシェントスキュラ","8","1/8（12.50%）","626","アンモナ","古代斯库拉","阿蒙娜"
"724","三口あかなめ","6","1/6（16.67%）","627","さより","三口垢舐鬼","纱世里"
"725","猫神","6","1/6（16.67%）","628","ヒメ","猫神","姬"
"726","銀鬼","6","1/6（16.67%）","629","ウメ","银鬼","梅"
"727","陰陽蠍","6","1/6（16.67%）","630","エミシ","阴阳蝎","艾米希"
"729","ケット・シー","8","1/8（12.50%）","631","ケット・シー","凯西猫","凯西猫"
"730","ガルフォックス","8","1/8（12.50%）","632","フォキシー","伽利狐","芙克斯"
"732","ジュラエイビス","8","1/8（12.50%）","633","ジュラ","侏罗龙鸟","侏罗"
"733","マルコシアス娘","8","1/8（12.50%）","634","ヴィオラ","马可西亚斯娘","维奥拉"
"736","ローキュバス","6","1/6（16.67%）","635","ロビリッチ","领主魅魔","萝比里奇"
"737","テスタロッサ","8","1/8（12.50%）","636","ロッサ","特斯塔罗飒","罗飒"
"738","上級海賊マーメイド","6","1/6（16.67%）","637","マミ","高级海贼人鱼","麻美"
"739","グレイトマーマン","8","1/8（12.50%）","638","セドナ","巨型人鱼","赛德娜"
"742","ギガドライアド","10","1/10（10.00%）","639","エレグランテ","千兆树精","伊蕾格兰特"
"745","アルキュバス","6","1/6（16.67%）","640","アルキュール","炼金魅魔","阿尔库尔"
"746","レスキュバス","6","1/6（16.67%）","641","ヴェイユ","丝带魅魔","韦伊"
"747","グラナバス","8","1/8（12.50%）","642","グレイヌ","熟女魅魔","格蕾娜"
"753","ハーゲンベック","8","1/8（12.50%）","643","ハーゲンベック","哈根贝克","哈根贝克"
"755","サンタマリア","8","1/8（12.50%）","644","サンタマリア","圣玛利亚","圣玛利亚"
"757","切り裂きエリス","6","1/6（16.67%）","645","エリス","开膛手厄里斯","厄里斯"
"759","シャウトマータ","6","1/6（16.67%）","646","シャウト","咆哮人偶","肖特"
"760","ジャイアントセーラ","10","1/10（10.00%）","647","ジャイアントセーラ","巨人莎拉","巨人莎拉"
"762","パイズリ人形Mk.II","8","1/8（12.50%）","648","ズリン","パイズリ人形Mk.II","阿交"
"763","ラブマータ","8","1/8（12.50%）","649","ラブ","爱情人偶","爱"
"765","ブラヴァツキー","8","1/8（12.50%）","650","ブラヴァツキー","布拉瓦茨基","布拉瓦茨基"
"767","決戦人型兵器アグニ","10","1/10（10.00%）","651","アグニ","决战人型兵器阿耆尼","阿耆尼"
"768","快楽人形・雅姫","10","1/10（10.00%）","652","雅姫","快乐人偶・雅姬","雅姬"
"773","ナンキュバス","4","1/4（25.00%）","653","マヒナ","玉女魅魔","玛希娜"
"774","パビルサグ","6","1/6（16.67%）","654","スカルナ","帕皮尔萨格","斯卡鲁娜"
"775","マンイーター","8","1/8（12.50%）","655","ノン","食人者","诺恩"
"776","古代竜","10","1/10（10.00%）","656","シェンホー","古代龙","仙贺"
"782","ハイバフォメット","6","1/6（16.67%）","659","サバト","高阶巴风特","萨巴特"
"783","ローグエルフ","6","1/6（16.67%）","660","ミサミサ","叛逆精灵","米萨米萨"
"807","ガーゴイル娘","8","1/8（12.50%）","661","ガーゴー","石像鬼娘","伽格"
"808","アテナ","8","1/8（12.50%）","662","アテナ","雅典娜","雅典娜"
"812","阿吽","8","1/8（12.50%）","663","阿吽","阿吽","阿吽"
"813","ドラゴンヘッド","8","1/8（12.50%）","664","デアフリーゼ","龙首","德尔芙莉泽"
"814","モンストロ","10","1/10（10.00%）","665","トロ","巨鲸","特罗"
"815","シヴァ","8","1/8（12.50%）","666","シヴァ","湿婆","湿婆"
"817","ネプチューン","10","1/10（10.00%）","667","トリトン","尼普顿","特里同"
"818","タオ","10","1/10（10.00%）","668","タオ","道","道"
"819","モルボル娘","10","1/10（10.00%）","669","モルボ","魔界花娘","毛尔波"
"820","アルケオプテリクス","10","1/10（10.00%）","670","ガリア","阿尔凯奥普泰里克斯","加利亚"
"821","アスモデウス","10","1/10（10.00%）","671","アデウス","阿斯莫德","阿蒂斯"
"822","ヨルムンガンド","10","1/10（10.00%）","672","ヨルム","耶梦加得","耶梦"
"828","前鬼","6","1/6（16.67%）","432","前鬼","前鬼","前鬼"
"829","後鬼","6","1/6（16.67%）","433","後鬼","后鬼","后鬼"
"832","失墜の玉座","6","1/6（16.67%）","848","スローネ","失落王座","斯洛妮"
"833","ダブルアンデッド","6","1/6（16.67%）","849","ダブリン","双生不死族","都柏林"
"834","イズン","10","1/10（10.00%）","850","イズン","伊敦","伊敦"
"835","カースエンジェルズ","10","1/10（10.00%）","851","カースエンジェルズ","诅咒天使","诅咒天使"
"838","アルジェミニ","10","1/10（10.00%）","852","アルジェミニ","阿尔杰米妮","阿尔杰米妮"
"839","エルジェミニ","10","1/10（10.00%）","853","エルジェミニ","艾尔杰米妮","艾尔杰米妮"
"843","シェムハザ","10","1/10（10.00%）","854","シェムハザ","示米哈扎","示米哈扎"
"844","アグレイブ","10","1/10（10.00%）","855","アグレイブ","阿格雷夫","阿格雷夫"
"848","スターマ","10","1/10（10.00%）","856","スターマ","斯塔玛","斯塔玛"
"849","ラジャーラ","10","1/10（10.00%）","857","ラジャーラ","拉贾拉","拉贾拉"
"851","メギドリアード","10","1/10（10.00%）","858","メギー","米吉多树精","米婕"
"852","エグセラ","10","1/10（10.00%）","859","エグセラ","艾克撒拉","艾克撒拉"
"853","アプサラス","10","1/10（10.00%）","860","アプサラス","阿普萨拉丝","阿普萨拉丝"
"862","ゾルオクト","10","1/10（10.00%）","861","ゾルオクト","佐尔奥克托","佐尔奥克托"
"863","ティアマト","20","1/20（5.00%）","862","ティアマト","提亚玛特","提亚玛特"
"871","アプティルト","10","1/10（10.00%）","863","アプティルト","阿普蒂尔特","阿普蒂尔特"
"872","アムナリオ","20","1/20（5.00%）","864","アムナリオ","阿姆纳里奥","阿姆纳里奥"
"873","サマエル","10","1/10（10.00%）","865","サマエル","萨麦尔","萨麦尔"
"874","シャドウアサシン","10","1/10（10.00%）","866","シャドウ","影之刺客","暗影"
"875","正体不明","10","1/10（10.00%）","867","アナト","身份不明","阿娜特"
"876","正体不明","10","1/10（10.00%）","868","ベレニケ","身份不明","贝勒尼基"
"877","正体不明","10","1/10（10.00%）","869","ケレス","身份不明","克瑞斯"
"878","正体不明","10","1/10（10.00%）","870","ドゥルガー","身份不明","杜尔迦"
"879","正体不明","10","1/10（10.00%）","871","ロジェスティラ","身份不明","洛姬斯蒂拉"
"881","バンシィ","10","1/10（10.00%）","872","テティス","报丧女妖","忒提丝"
"882","ボアバンシィ","10","1/10（10.00%）","873","ネレイデス","嗜吞报丧女妖","涅瑞伊德斯"
"884","パズズ","10","1/10（10.00%）","874","パズズ","帕祖祖","帕祖祖"
"885","マステマ","10","1/10（10.00%）","875","マステマ","莫斯提马","莫斯提马"
"888","アメノハヅチ","10","1/10（10.00%）","876","アメノハヅチ","天羽槌","天羽槌"
"889","八尺様","10","1/10（10.00%）","877","八尺様","八尺大人","八尺大人"
"907","ゲシュタルト","10","1/10（10.00%）","878","ゲシュタルト","格式塔","格式塔"
"908","ハイブマインド","10","1/10（10.00%）","879","ハイブマインド","蜂巢思维","蜂巢思维"
"913","マダムラミア","10","1/10（10.00%）","880","ミルフ","拉米亚夫人","米露芙"
"922","サタナキア","10","1/10（10.00%）","881","サタナキア","萨塔妮基亚","萨塔妮基亚"
"923","ブラッディドラゴン","20","1/20（5.00%）","882","ブラディ","血龙","布拉迪"
"928","パイズリ人形終異体","10","1/10（10.00%）","883","パズン","乳交人偶终异体","派兹"
"929","アイアンメイデン終異体","10","1/10（10.00%）","884","エヴォル","铁处女终异体","埃沃珥"
"930","呪いの人形終異体","10","1/10（10.00%）","885","いおり","诅咒人偶终异体","伊织"
"932","マグダ","10","1/10（10.00%）","886","マグダ","玛格达","玛格达"
"933","シスエル","20","1/20（5.00%）","887","シスエル","希斯艾尔","希斯艾尔"
"934","アザゼル","10","1/10（10.00%）","888","アザゼル","阿撒兹勒","阿撒兹勒"
"935","グリゴリ","10","1/10（10.00%）","889","グリゴリ","守望者","守望者"
"944","奉仕種族","10","1/10（10.00%）","892","ディーピー","仆从种族","渊嗣"
"945","落とし子","20","1/20（5.00%）","893","クトゥ","眷族","克图"
"947","触手の眷属","10","1/10（10.00%）","894","ワーミィ","触手眷属","蠕米"
"948","粘膜の眷属","10","1/10（10.00%）","895","プラーナ","粘膜眷属","涡虫"
"949","アウタージェリー","20","1/20（5.00%）","896","アンドロメダ","域外水母","安德洛墨达"
"950","アウターワーム","20","1/20（5.00%）","897","ディアマンティナ","域外蠕虫","迪亚曼蒂娜"
"956","ヌルの眷属","10","1/10（10.00%）","898","ヌルアオ","黏黏的眷属","黏黏青"
"957","ヌルの眷属","10","1/10（10.00%）","899","ヌルアカ","黏黏的眷属","黏黏红"
"958","ヌルの眷属","10","1/10（10.00%）","900","ヌルキ","黏黏的眷属","黏黏黄"
"959","TT","10","1/10（10.00%）","901","TT","TT","TT"
"960","QQ","20","1/20（5.00%）","902","QQ","QQ","QQ"
"962","グラン・アラーニェ","10","1/10（10.00%）","903","グラーニェ","巨型阿拉涅","格拉涅"
"973","インドラ","10","1/10（10.00%）","905","インドラ","因陀罗","因陀罗"
"974","トンベリ娘","20","1/20（5.00%）","904","トゥーン","冬贝利娘","冬恩"
"976","アバドン","20","1/20（5.00%）","906","アバドン","亚巴顿","亚巴顿"
"977","エクスキュウビ","20","1/20（5.00%）","907","ナイン","极・九尾","玖"
"978","ドーラドーラ","20","1/20（5.00%）","908","ドーラドーラ","朵拉朵拉","朵拉朵拉"
"979","ベルゼバブ終異体","20","1/20（5.00%）","909","瑠渦","别西卜终异体","瑠渦"
"980","メルカヴァ","20","1/20（5.00%）","910","メルカヴァ","灵轮","灵轮"
"981","フレール","20","1/20（5.00%）","911","フレール","弗莱尔","弗莱尔"
"982","アガリアレプト","20","1/20（5.00%）","912","アガリアレプト","阿加利亚雷普特","阿加利亚雷普特"
"983","ゲイザー","20","1/20（5.00%）","913","ゲイズ","凝视者","盖兹"
"984","ベリアル","20","1/20（5.00%）","914","ベリアル","贝利亚尔","贝利亚尔"
