"敌人ID","日本敌人名称","入队概率分母","基础入队概率","关联角色ID","日本角色名称","Faces路径","Faces索引","Battlers路径","敌人Cut-inPictures路径","角色Cut-inPictures路径","中文敌人名称","中文角色名称"
"3","バニースライム娘","1","1/1（100.00%）","54","うさ","Graphics/Faces/bunnyslime_fc1","0","Graphics/Battlers/50_bunnyslime_st01","","Graphics/Pictures/80_bunnyslime_st01；Graphics/Pictures/ct_bunnyslime1","兔子史莱姆娘","小兔子"
"4","ナメクジ娘","2","1/2（50.00%）","55","メルク","Graphics/Faces/name_fc1","2","Graphics/Battlers/50_name_st11","","Graphics/Pictures/ct_name1","蛞蝓娘","梅尔克"
"5","インプ","2","1/2（50.00%）","56","ラミ","Graphics/Faces/inp_fc1","0","Graphics/Battlers/50_inp_st01","Graphics/Pictures/ct_inp1","Graphics/Pictures/ct_inp1","小恶魔","拉米"
"6","マンドラゴラ娘","3","1/3（33.33%）","59","ラゴラ","Graphics/Faces/mdg_fc1","0","Graphics/Battlers/50_mdg_st01","","Graphics/Pictures/ct_mdg1；Graphics/Pictures/ct_tuta1；Graphics/Pictures/ct_tuta2；Graphics/Pictures/ct_utubo2；Graphics/Pictures/ct_haetori2","曼德拉娘","拉戈拉"
"7","犬娘","3","1/3（33.33%）","60","ポチ","Graphics/Faces/dog_fc1","0","Graphics/Battlers/50_dog_st01","","Graphics/Pictures/80_dog_st01","犬娘","波奇"
"8","ミミズ娘","3","1/3（33.33%）","61","ミミー","Graphics/Faces/mimizu_fc1","0","Graphics/Battlers/50_mimizu_st01","","Graphics/Pictures/ct_mimizu1","蚯蚓娘","米米"
"13","ネズミ娘","3","1/3（33.33%）","70","ラティ","Graphics/Faces/nezumi_fc1","0","Graphics/Battlers/50_nezumi_st01","Graphics/Pictures/80_nezumi_st01","Graphics/Pictures/80_nezumi_st01","鼠娘","拉蒂"
"14","狼娘","2","1/2（50.00%）","71","アマラ","Graphics/Faces/okami_fc1","0","Graphics/Battlers/50_okami_st01","Graphics/Pictures/ct_okami1","Graphics/Pictures/ct_okami1","狼娘","阿玛拉"
"16","ヒル娘","3","1/3（33.33%）","73","ヒル","Graphics/Faces/hiru_fc1","0","Graphics/Battlers/50_hiru_st01","","Graphics/Pictures/ct_hirum1","水蛭娘","希尔"
"17","ウサギ娘","1","1/1（100.00%）","74","バーニー","Graphics/Faces/usagi_fc1","0","Graphics/Battlers/50_usagi_st01","Graphics/Pictures/ct_usagi1","Graphics/Pictures/ct_usagi1","兔娘","巴妮"
"18","羊娘","2","1/2（50.00%）","75","メリー","Graphics/Faces/hituzi_fc1","3","Graphics/Battlers/50_hituzi_st01","Graphics/Pictures/80_hituzi_st04","Graphics/Pictures/80_hituzi_st04","羊娘","梅丽"
"19","シュリー","4","1/4（25.00%）","76","シュリー","Graphics/Faces/syuree_fc1","0","Graphics/Battlers/50_syuree_st01","","Graphics/Pictures/ct_syuree1","修莉","修莉"
"20","ジェイド","4","1/4（25.00%）","77","ジェイド","Graphics/Faces/jeid_fc1","0","Graphics/Battlers/50_jeid_st01","","Graphics/Pictures/ct_jeid1","杰伊德","杰伊德"
"21","シェスタ","4","1/4（25.00%）","78","シェスタ","Graphics/Faces/syesta_fc1","0","Graphics/Battlers/50_syesta_st01","Graphics/Pictures/ct_syesta1","Graphics/Pictures/ct_syesta1","谢丝塔","谢丝塔"
"23","オーク娘","2","1/2（50.00%）","80","ヒップ","Graphics/Faces/orc_fc1","0","Graphics/Battlers/50_orc_st01","Graphics/Pictures/ct_orc1","Graphics/Pictures/ct_orc1","兽人娘","臀部"
"24","ミツバチ娘","2","1/2（50.00%）","81","ハニー","Graphics/Faces/mitubati_fc1","0","Graphics/Battlers/50_mitubati_st01","Graphics/Pictures/ct_mitubati1","Graphics/Pictures/ct_mitubati1","蜜蜂娘","甜心"
"25","スズメ娘","2","1/2（50.00%）","82","ちゅん","Graphics/Faces/suzume_fc1","0","Graphics/Battlers/50_suzume_st01","","Graphics/Pictures/ct_suzume1","麻雀娘","鹑"
"26","ハーピー","2","1/2（50.00%）","83","レイナ","Graphics/Faces/hapy_a_fc1","0","Graphics/Battlers/80_hapy_a_st01","Graphics/Pictures/80_hapy_a_st01","Graphics/Pictures/80_hapy_a_st01","哈比","蕾娜"
"27","ハーピーツインズ","3","1/3（33.33%）","84","ピナ＆ピィ","Graphics/Faces/hapy_bc_fc1","0","Graphics/Battlers/80_hapy_bc_st01","Graphics/Pictures/80_hapy_bc_st01","Graphics/Pictures/80_hapy_bc_st01","哈比姐妹","皮娜＆皮伊"
"29","ハイスラッグ娘","3","1/3（33.33%）","85","エリザベス","Graphics/Faces/highslag_fc1","0","Graphics/Battlers/50_highslag_st01","","Graphics/Pictures/ct_highslag1","高阶蛞蝓娘","艾利莎贝"
"30","ナメクジシスター","4","1/4（25.00%）","86","ロザリオ","Graphics/Faces/name_s_fc1","0","Graphics/Battlers/50_name_s_st01","Graphics/Pictures/80_name_s_st01","Graphics/Pictures/80_name_s_st01","蛞蝓修女","罗莎莉奥"
"32","ジャックオーランタン","2","1/2（50.00%）","88","かぼちゃ","Graphics/Faces/jack_fc1","0","Graphics/Battlers/50_jack_st01","Graphics/Pictures/ct_jack1","Graphics/Pictures/ct_jack1","杰克灯笼","南瓜"
"33","ローパー娘","4","1/4（25.00%）","89","シンディ","Graphics/Faces/ropa_fc1","0","Graphics/Battlers/50_ropa_st01","Graphics/Pictures/ct_ropa1","Graphics/Pictures/ct_ropa1","树绳妖娘","辛蒂"
"34","メーダ娘","4","1/4（25.00%）","90","メルメル","Graphics/Faces/meda_fc1","0","Graphics/Battlers/50_meda_st01","","Graphics/Pictures/ct_meda1","梅达娘","梅鲁梅鲁"
"35","キャンドル娘","4","1/4（25.00%）","91","キャンドラ","Graphics/Faces/candle_fc1","0","Graphics/Battlers/50_candle_st01","Graphics/Pictures/ct_candle1","Graphics/Pictures/ct_candle1","蜡烛娘","坎德拉"
"36","イーター","4","1/4（25.00%）","92","イーター","Graphics/Faces/eater_fc1","0","Graphics/Battlers/50_eater_st01","Graphics/Pictures/ct_eater1","Graphics/Pictures/ct_eater1；Graphics/Pictures/ct_tuta1；Graphics/Pictures/ct_utubo2；Graphics/Pictures/ct_haetori2","伊塔","伊塔"
"37","ライオット","4","1/4（25.00%）","93","ライオット","Graphics/Faces/liot_fc1","0","Graphics/Battlers/50_liot_st01","","Graphics/Pictures/ct_liot1","莱奥特","莱奥特"
"38","ルクスル","4","1/4（25.00%）","94","ルクスル","Graphics/Faces/luksl_fc1","0","Graphics/Battlers/50_luksl_st01","","Graphics/Pictures/80_luksl_st01","露克斯","露克斯"
"39","ダークエルフ","3","1/3（33.33%）","95","ロナ","Graphics/Faces/delh_a_fc1","0","Graphics/Battlers/50_delh_a_st01","Graphics/Pictures/80_delh_a_st01","Graphics/Pictures/80_delh_a_st01；Graphics/Pictures/ct_syokusyu1；Graphics/Pictures/ct_hiru3","暗精灵","罗娜"
"40","ダークエルフ","4","1/4（25.00%）","96","マリオン","Graphics/Faces/delh_b_fc1","0","Graphics/Battlers/50_delh_b_st01","","Graphics/Pictures/ct_syokusyu1；Graphics/Pictures/ct_hiru3","暗精灵","玛丽昂"
"41","フェアリー","2","1/2（50.00%）","97","フェル","Graphics/Faces/fairy_fc1","0","Graphics/Battlers/50_fairy_st01","Graphics/Pictures/80_fairy_st01","Graphics/Pictures/80_fairy_st01","妖精","菲尔"
"42","ミニカニ娘","4","1/4（25.00%）","98","エイミ","Graphics/Faces/minikani_fc1","0","Graphics/Battlers/50_minikani_st01","","Graphics/Pictures/ct_minikani1","迷你蟹娘","艾米"
"43","ナマズ娘","4","1/4（25.00%）","99","ギギ","Graphics/Faces/namazu_fc1","0","Graphics/Battlers/50_namazu_st01","Graphics/Pictures/80_namazu_st01","Graphics/Pictures/80_namazu_st01","鲶鱼娘","吉吉"
"44","ラフレシア娘","4","1/4（25.00%）","100","フレシア","Graphics/Faces/rahure_fc1","0","Graphics/Battlers/50_rahure_st01","Graphics/Pictures/80_rahure_st01","Graphics/Pictures/ct_tuta1；Graphics/Pictures/ct_tuta2；Graphics/Pictures/80_rahure_st01；Graphics/Pictures/ct_utubo2；Graphics/Pictures/ct_haetori2","霸王花娘","芙莉西亚"
"45","セントール","2","1/2（50.00%）","101","リヒティーヌ","Graphics/Faces/cent2_fc1","0","Graphics/Battlers/50_cent2_st01","Graphics/Pictures/ct_cent2_1","Graphics/Pictures/ct_cent2_1","半人马","莉希蒂娜"
"46","銀狐二尾","2","1/2（50.00%）","102","きつね","Graphics/Faces/youko_fc1","0","Graphics/Battlers/50_youko_st01","Graphics/Pictures/80_youko_st01","Graphics/Pictures/80_youko_st01","银狐二尾","狐狸"
"47","かむろ二尾","2","1/2（50.00%）","103","かむろ","Graphics/Faces/kamuro_fc1","0","Graphics/Battlers/50_kamuro_st01","Graphics/Pictures/80_kamuro_st01","Graphics/Pictures/80_kamuro_st01","神室二尾","神室"
"48","クモ娘","5","1/5（20.00%）","104","ラクネ","Graphics/Faces/kumo_fc1","0","Graphics/Battlers/80_kumo_st01","","Graphics/Pictures/ct_kumo1","蜘蛛娘","拉克涅"
"49","ミミック娘","5","1/5（20.00%）","105","ミネリ","Graphics/Faces/mimic_fc1","0","Graphics/Battlers/80_mimic_st01","Graphics/Pictures/80_mimic_st01","Graphics/Pictures/80_mimic_st01","宝箱娘","米内莉"
"52","ナマコ娘","4","1/4（25.00%）","107","ユメ","Graphics/Faces/namako_fc1","0","Graphics/Battlers/50_namako_st01","","Graphics/Pictures/ct_namako1","海参娘","梦"
"53","貝娘","4","1/4（25.00%）","108","シェリー","Graphics/Faces/kai_fc1","0","Graphics/Battlers/50_kai_st01","","Graphics/Pictures/ct_kai1","贝娘","雪莉"
"54","カニ娘","3","1/3（33.33%）","109","ソープ","Graphics/Faces/kani_fc1","0","Graphics/Battlers/50_kani_st01","","Graphics/Pictures/ct_kani1","螃蟹娘","索普"
"55","スライムベス娘","2","1/2（50.00%）","110","ベス","Graphics/Faces/slimelord_fc1","0","Graphics/Battlers/50_slimelord_st01","Graphics/Pictures/80_slimelord_st01","Graphics/Pictures/80_slimelord_st01","史莱姆贝丝娘","贝丝"
"56","スイカ娘","4","1/4（25.00%）","111","メロン","Graphics/Faces/suika_fc1","0","Graphics/Battlers/50_suika_st02","Graphics/Pictures/ct_suika1","Graphics/Pictures/ct_tuta1；Graphics/Pictures/ct_tuta2；Graphics/Pictures/ct_suika1；Graphics/Pictures/ct_utubo2；Graphics/Pictures/ct_haetori2","西瓜娘","蜜瓜"
"57","ウツボカズラ娘","4","1/4（25.00%）","112","かずら","Graphics/Faces/utubo_fc1","0","Graphics/Battlers/50_utubo_st01","Graphics/Pictures/ct_utubo3","Graphics/Pictures/ct_utubo3；Graphics/Pictures/ct_tuta1；Graphics/Pictures/ct_tuta2；Graphics/Pictures/ct_haetori2","猪笼草娘","葛"
"58","ラミア","3","1/3（33.33%）","113","アナスタシア","Graphics/Faces/lamia_fc1","0","Graphics/Battlers/80_lamia_st01","Graphics/Pictures/80_lamia_st01","Graphics/Pictures/80_lamia_st01","拉米亚","安娜塔西亚"
"59","ワカメ娘","4","1/4（25.00%）","114","わかめ","Graphics/Faces/wakame_fc1","0","Graphics/Battlers/50_wakame_st01","Graphics/Pictures/ct_wakame1","Graphics/Pictures/ct_wakame1；Graphics/Pictures/ct_tuta1；Graphics/Pictures/ct_tuta2；Graphics/Pictures/ct_utubo2；Graphics/Pictures/ct_haetori2","裙带菜娘","海带"
"60","クラゲ娘","4","1/4（25.00%）","115","くらげ","Graphics/Faces/kurage_fc1","0","Graphics/Battlers/50_kurage_st01","","Graphics/Pictures/ct_kurage1","海蜇娘","水母"
"61","イソギンチャク娘","4","1/4（25.00%）","116","イザベル","Graphics/Faces/iso_fc1","0","Graphics/Battlers/80_iso_st01","Graphics/Pictures/ct_iso1","Graphics/Pictures/ct_iso1","海葵娘","伊莎贝尔"
"62","アンコウ娘","4","1/4（25.00%）","117","あんこ","Graphics/Faces/ankou_fc1","0","Graphics/Battlers/50_ankou_st01","","Graphics/Pictures/80_ankou_st01","鮟鱇鱼娘","豆沙"
"64","17ページ","3","1/3（33.33%）","119","アニー","Graphics/Faces/page17_fc1","0","Graphics/Battlers/50_page17_st01","Graphics/Pictures/ct_page17_1","Graphics/Pictures/ct_page17_1","17页","安妮"
"65","257ページ","4","1/4（25.00%）","120","ヨーコ","Graphics/Faces/page257_fc1","0","Graphics/Battlers/50_page257_st01","Graphics/Pictures/ct_page257_1","Graphics/Pictures/ct_page257_1","257页","洋子"
"67","シスターラミア","4","1/4（25.00%）","122","ソフィア","Graphics/Faces/sisterlamia_fc1","0","Graphics/Battlers/50_sisterlamia_st01","","Graphics/Pictures/80_sisterlamia_st25；Graphics/Pictures/80_sisterlamia_st22；Graphics/Pictures/80_sisterlamia_st04","修女拉米亚","索菲亚"
"68","シスキュバス","4","1/4（25.00%）","123","クリスティー","Graphics/Faces/sisccubus_fc1","0","Graphics/Battlers/50_sisccubus_st01","Graphics/Pictures/ct_sisccubus1","Graphics/Pictures/ct_sisccubus1","修女魅魔","克莉丝蒂娜"
"69","アリクイ娘","4","1/4（25.00%）","124","杏奈","Graphics/Faces/arikui_fc1","0","Graphics/Battlers/50_arikui_st01","Graphics/Pictures/ct_arikui1","Graphics/Pictures/ct_arikui1","食蚁兽娘","杏奈"
"70","グリズリー娘","3","1/3（33.33%）","125","アイシャ","Graphics/Faces/grizzly_fc1","0","Graphics/Battlers/50_grizzly_st01","Graphics/Pictures/ct_grizzly1","Graphics/Pictures/ct_grizzly1","灰熊娘","艾莎"
"71","XX-7","4","1/4（25.00%）","126","ロビン","Graphics/Faces/XX-7_fc1","0","Graphics/Battlers/50_XX-7_st01","","Graphics/Pictures/ct_XX-7_1","XX-7","罗宾"
"72","リトルバグ","4","1/4（25.00%）","127","リッピー","Graphics/Faces/littlebug_fc1","0","Graphics/Battlers/50_littlebug_st01","Graphics/Pictures/ct_littlebug1","Graphics/Pictures/ct_littlebug1","小虫","莉皮"
"73","キャンサーロイド","5","1/5（20.00%）","128","ジリアン","Graphics/Faces/kaniloid_fc1","0","Graphics/Battlers/80_kaniloid_st01","","Graphics/Pictures/ct_kaniloid1","巨蟹机器人","吉莉安"
"75","ゴースト","3","1/3（33.33%）","130","キャリー","Graphics/Faces/ghost_fc1","0","Graphics/Battlers/50_ghost_st01","Graphics/Pictures/ct_ghost1","Graphics/Pictures/ct_ghost1","幽灵","嘉莉"
"76","呪いの人形娘","3","1/3（33.33%）","131","みやび","Graphics/Faces/doll_fc1","0","Graphics/Battlers/50_doll_st01","","Graphics/Pictures/ct_doll1","诅咒人偶娘","美雅"
"77","ゾンビ剣士","3","1/3（33.33%）","132","エリィ","Graphics/Faces/zonbe_fc2","0","Graphics/Battlers/50_zonbe_st11","Graphics/Pictures/ct_zonbe1","Graphics/Pictures/ct_zonbe1","僵尸剑士","艾莉"
"78","ゾンビ娘","4","1/4（25.00%）","133","ゾンビーズ","Graphics/Faces/zonbe_fc3","3","Graphics/Battlers/50_zonbe_st21","","Graphics/Pictures/80_zonbe_st21","僵尸娘","僵尸们"
"84","エルフ","3","1/3（33.33%）","136","クローディア","Graphics/Faces/elf_fc1","0","Graphics/Battlers/50_elf_st01","Graphics/Pictures/80_elf_st01","Graphics/Pictures/80_elf_st01；Graphics/Pictures/ct_syokusyu1；Graphics/Pictures/ct_hiru3","精灵","克劳蒂娅"
"85","ブラウニーズ","4","1/4（25.00%）","137","ラブ＆ラム","Graphics/Faces/braunys_fc1","6","Graphics/Battlers/50_braunys_st01","Graphics/Pictures/80_braunys_st01","Graphics/Pictures/80_braunys_st01","棕精灵们","拉布＆拉姆"
"86","ツインズフェアリー","4","1/4（25.00%）","138","ミル＆リル","Graphics/Faces/tfairy_fc1","0","Graphics/Battlers/50_tfairy_st01","Graphics/Pictures/80_tfairy_st01","Graphics/Pictures/80_tfairy_st01","小仙子姐妹","米尔与莉尔"
"87","フェアリーズ","4","1/4（25.00%）","139","フェアリーズ","Graphics/Faces/fairys_fc1","3","Graphics/Battlers/50_fairys_st01","","Graphics/Pictures/80_fairys_st01","小仙子们","小仙子们"
"95","タランチュラ娘","4","1/4（25.00%）","140","ラチュラ","Graphics/Faces/taran_fc1","0","Graphics/Battlers/50_taran_st01","Graphics/Pictures/ct_taran1","Graphics/Pictures/ct_taran1","塔兰图拉毒蛛娘","塔图拉"
"96","ミノタウロス娘","3","1/3（33.33%）","141","ミナ","Graphics/Faces/mino_fc1","0","Graphics/Battlers/80_mino_st01","Graphics/Pictures/80_mino_st01","Graphics/Pictures/80_mino_st01","米诺陶洛斯娘","米娜"
"97","バンダースナッチ娘","4","1/4（25.00%）","142","バナッチ","Graphics/Faces/bander_fc1","0","Graphics/Battlers/80_bander_st01","Graphics/Pictures/ct_bander1","Graphics/Pictures/ct_bander1","攫速者娘","巴纳奇"
"99","サボレス","3","1/3（33.33%）","144","サニー","Graphics/Faces/saboresu_fc1","0","Graphics/Battlers/50_saboresu_st01","Graphics/Pictures/80_saboresu_st01","Graphics/Pictures/80_saboresu_st01","萨博雷斯","萨妮"
"100","ムカデ娘","4","1/4（25.00%）","145","ヴァネッサ","Graphics/Faces/mukade_fc1","0","Graphics/Battlers/50_mukade_st01","","Graphics/Pictures/ct_mukade1","蜈蚣娘","温妮莎"
"101","サソリ娘","3","1/3（33.33%）","146","スカーレット","Graphics/Faces/sasori_fc1","0","Graphics/Battlers/50_sasori_st01","Graphics/Pictures/ct_sasori1","Graphics/Pictures/ct_sasori1","蝎娘","斯卡蕾特"
"102","サボテン娘","4","1/4（25.00%）","147","キャスタ","Graphics/Faces/saboten_fc1","0","Graphics/Battlers/50_saboten_st01","","Graphics/Pictures/ct_saboten1；Graphics/Pictures/ct_tuta1；Graphics/Pictures/ct_tuta2；Graphics/Pictures/ct_utubo2；Graphics/Pictures/ct_haetori2","仙人掌娘","卡斯塔"
"103","ダチョウ娘","3","1/3（33.33%）","148","ミュー","Graphics/Faces/datyou_fc1","0","Graphics/Battlers/50_datyou_st01","Graphics/Pictures/80_datyou_st04","Graphics/Pictures/80_datyou_st04","鸵鸟娘","缪"
"104","ランプの魔女","4","1/4（25.00%）","149","ジーニー","Graphics/Faces/lamp_fc1","0","Graphics/Battlers/50_lamp_st21","Graphics/Pictures/ct_lamp1","Graphics/Pictures/ct_lamp1","神灯魔女","吉妮"
"105","ミイラ娘","3","1/3（33.33%）","150","パトラ","Graphics/Faces/mummy_fc1","0","Graphics/Battlers/50_mummy_st01","","Graphics/Pictures/ct_mummy1","木乃伊娘","帕特拉"
"106","コブラ娘","4","1/4（25.00%）","151","ライラ","Graphics/Faces/kobura_fc1","0","Graphics/Battlers/50_kobura_st01","Graphics/Pictures/ct_kobura1","Graphics/Pictures/ct_kobura1","眼镜蛇娘","莱拉"
"107","ネフェルラミアス","4","1/4（25.00%）","152","ネフェルラミアス","Graphics/Faces/lamias_fc2","4","Graphics/Battlers/80_lamias_st01","Graphics/Pictures/80_lamias_st01","Graphics/Pictures/80_lamias_st01","奈夫顿拉米亚集团","奈夫顿拉米亚集团"
"111","ワニ娘","4","1/4（25.00%）","154","ガー","Graphics/Faces/wani_fc1","0","Graphics/Battlers/50_wani_st01","Graphics/Pictures/80_wani_st01","Graphics/Pictures/80_wani_st01","鳄鱼娘","咬咬"
"113","デビルファイター","3","1/3（33.33%）","156","レジーナ","Graphics/Faces/d_fighter_fc1","0","Graphics/Battlers/50_d_fighter_st01","Graphics/Pictures/ct_d_fighter1","Graphics/Pictures/ct_d_fighter1","恶魔战士","蕾吉娜"
"114","大蜘蛛","4","1/4（25.00%）","157","アシダカ","Graphics/Faces/oogumo_fc1","0","Graphics/Battlers/50_oogumo_st01","Graphics/Pictures/80_oogumo_st01","Graphics/Pictures/80_oogumo_st01","大蜘蛛","阿茜达卡"
"115","サックボア","4","1/4（25.00%）","158","アンナ","Graphics/Faces/suckvore_fc1","2","Graphics/Battlers/50_suckvore_st01","Graphics/Pictures/80_suckvore_st01","Graphics/Pictures/80_suckvore_st01；Graphics/Pictures/ct_syokusyu2；Graphics/Pictures/ct_hiru4；Graphics/Pictures/ct_hiru1","榨精生物","安娜"
"116","アイアンメイデン","5","1/5（20.00%）","159","メイデン","Graphics/Faces/ironmaiden_fc1","0","Graphics/Battlers/50_ironmaiden_st01","Graphics/Pictures/ct_ironmaiden1","Graphics/Pictures/ct_ironmaiden1；Graphics/Pictures/ct_syokusyu2；Graphics/Pictures/ct_hiru4；Graphics/Pictures/ct_syokusyu1；Graphics/Pictures/ct_hiru3；Graphics/Pictures/ct_hiru1；Graphics/Pictures/80_ironmaiden_st11","铁处女","梅登"
"117","ワームビレッジャ","4","1/4（25.00%）","160","ユリア","Graphics/Faces/wormv_fc1","0","Graphics/Battlers/80_wormv_st01","Graphics/Pictures/ct_wormv1","Graphics/Pictures/ct_wormv1；Graphics/Pictures/ct_hiru4","蠕虫村姑","尤莉亚"
"118","ウーストレル","4","1/4（25.00%）","161","レモン","Graphics/Faces/ustrel_fc1","0","Graphics/Battlers/50_ustrel_st01","Graphics/Pictures/ct_ustrel1","Graphics/Pictures/80_ustrel_st01；Graphics/Pictures/ct_ustrel1；Graphics/Pictures/ct_hiru3","乌斯托尔","柠檬"
"119","蜜壺","5","1/5（20.00%）","162","蜜壺","Graphics/Faces/mitutubo_fc1","0","Graphics/Battlers/80_mitutubo_st01","Graphics/Pictures/ct_mitutubo1","Graphics/Pictures/ct_mitutubo1；Graphics/Pictures/80_mitutubo_st01","蜜壶","蜜壶"
"121","小鬼","3","1/3（33.33%）","164","雫","Graphics/Faces/kooni_fc1","0","Graphics/Battlers/50_kooni_st01","Graphics/Pictures/ct_kooni1","Graphics/Pictures/ct_kooni1","小鬼","雫"
"122","オナホ娘","4","1/4（25.00%）","165","ナホ","Graphics/Faces/onaho_fc1","0","Graphics/Battlers/50_onaho_st01","Graphics/Pictures/ct_onaho1","Graphics/Pictures/ct_onaho1","飞机杯娘","奈穗"
"123","ナーキュバス","4","1/4（25.00%）","166","ナビス","Graphics/Faces/narcubus_fc1","0","Graphics/Battlers/50_narcubus_st11","Graphics/Pictures/80_narcubus_st11","Graphics/Pictures/80_narcubus_st11","护士魅魔","娜维斯"
"125","百々目鬼","4","1/4（25.00%）","168","まなこ","Graphics/Faces/dodome_fc1","0","Graphics/Battlers/50_dodome_st01","Graphics/Pictures/ct_dodome1","Graphics/Pictures/ct_dodome1","百目鬼","真奈子"
"126","リザードシーフ","3","1/3（33.33%）","169","リル","Graphics/Faces/lizardthief_fc1","0","Graphics/Battlers/50_lizardthief_st01","Graphics/Pictures/80_lizardthief_st01","Graphics/Pictures/80_lizardthief_st01","蜥蜴盗贼","莉露"
"127","リザードシーフ","4","1/4（25.00%）","170","レン","Graphics/Faces/lizardthief_fc2","0","Graphics/Battlers/50_lizardthief_st11","Graphics/Pictures/80_lizardthief_st11","Graphics/Pictures/80_lizardthief_st11","蜥蜴盗贼","莲"
"129","蜃気楼娘","4","1/4（25.00%）","172","ミラージュ","Graphics/Faces/sinkiro_fc1","0","Graphics/Battlers/50_sinkiro_st01","","Graphics/Pictures/80_sinkiro_st05","海市蜃楼娘","幻舞"
"130","アリジゴク娘","4","1/4（25.00%）","173","ヘレン","Graphics/Faces/arizigoku_fc1","0","Graphics/Battlers/80_arizigoku_st01","","Graphics/Pictures/ct_arizigoku1","蚁狮娘","海伦"
"131","サンドワーム娘","5","1/5（20.00%）","174","ダリア","Graphics/Faces/sandw_fc1","0","Graphics/Battlers/80_sandw_st01","","Graphics/Pictures/ct_sandw1","沙虫娘","达利亚"
"132","デザートスキュラ","4","1/4（25.00%）","175","ディジィ","Graphics/Faces/d_scylla_fc1","0","Graphics/Battlers/50_d_scylla_st01","Graphics/Pictures/ct_d_scylla1","Graphics/Pictures/ct_d_scylla1","沙漠斯库拉","迪吉"
"134","ヴィタエ","5","1/5（20.00%）","176","ヴィタエ","Graphics/Faces/vitae_fc1","0","Graphics/Battlers/50_vitae_st01","Graphics/Pictures/80_vitae_st01","Graphics/Pictures/80_vitae_st01","薇塔耶","薇塔耶"
"135","ヴェータラ","5","1/5（20.00%）","177","ヴェータラ","Graphics/Faces/vetala_fc1","0","Graphics/Battlers/50_vetala_st01","","Graphics/Pictures/ct_vetala1","维塔拉","维塔拉"
"136","ヴァルト","5","1/5（20.00%）","178","ヴァルト","Graphics/Faces/valt_fc1","0","Graphics/Battlers/50_valt_st01","Graphics/Pictures/ct_valt1","Graphics/Pictures/ct_valt1","瓦尔特","瓦尔特"
"137","シニファ","5","1/5（20.00%）","179","シニファ","Graphics/Faces/sinifa_fc1","0","Graphics/Battlers/50_sinifa_st01","","Graphics/Pictures/ct_sinifa1","希妮法","希妮法"
"138","シャドー娘","4","1/4（25.00%）","180","シャドー","Graphics/Faces/shadow_fc1","0","Graphics/Battlers/50_shadow_st01","Graphics/Pictures/80_shadow_st01","Graphics/Pictures/80_shadow_st01","影子娘","影"
"139","ガイストビーネ","4","1/4（25.00%）","181","リザ","Graphics/Faces/gaistvine_fc1","0","Graphics/Battlers/50_gaistvine_st01","","Graphics/Pictures/80_gaistvine_st01","画像娘","丽莎"
"140","キメラホムンクルス","4","1/4（25.00%）","182","クロウリー","Graphics/Faces/c_homunculus_fc1","0","Graphics/Battlers/50_c_homunculus_st01","","Graphics/Pictures/ct_c_homunculus；Graphics/Pictures/ct_syokusyu2；Graphics/Pictures/ct_hiru4；Graphics/Pictures/ct_syokusyu1；Graphics/Pictures/ct_hiru3；Graphics/Pictures/ct_hiru1","奇美拉人造人","克劳利"
"141","アイアンメイデン改","5","1/5（20.00%）","183","トーチャ","Graphics/Faces/ironmaiden_k_fc1","0","Graphics/Battlers/50_ironmaiden_k_st01","Graphics/Pictures/80_ironmaiden_k_st01","Graphics/Pictures/80_ironmaiden_k_st01；Graphics/Pictures/ct_syokusyu2；Graphics/Pictures/ct_hiru4；Graphics/Pictures/ct_syokusyu1；Graphics/Pictures/ct_hiru3；Graphics/Pictures/ct_hiru1","铁处女改","托琪亚"
"142","ジャンクドール娘","5","1/5（20.00%）","184","フランチェスカ","Graphics/Faces/junkdoll_fc2","0","Graphics/Battlers/80_junkdoll_st01","Graphics/Pictures/80_junkdoll_st01","Graphics/Pictures/80_junkdoll_st01","废品人偶娘","弗朗西斯卡"
"151","きのこ娘","4","1/4（25.00%）","191","ウィドウ","Graphics/Faces/kinoko_fc1","0","Graphics/Battlers/80_kinoko_st01","","Graphics/Pictures/ct_kinoko1；Graphics/Pictures/ct_tuta1；Graphics/Pictures/ct_tuta2；Graphics/Pictures/ct_utubo2；Graphics/Pictures/ct_haetori2","蘑菇娘","维德"
"152","ノビスタドール娘","4","1/4（25.00%）","192","ノービィ","Graphics/Faces/nobisutam_fc1","0","Graphics/Battlers/50_nobisutam_st01","","Graphics/Pictures/ct_nobisutam1","隐形虫娘","诺维"
"153","ウルスキュラ","4","1/4（25.00%）","193","フリル","Graphics/Faces/u_scylla_fc1","0","Graphics/Battlers/50_u_scylla_st01","","","狼首斯库拉","芙莉露"
"154","襖","5","1/5（20.00%）","194","うらら","Graphics/Faces/husuma_fc1","0","Graphics/Battlers/80_husuma_st01","","","袄","乌拉拉"
"155","マーメイド","3","1/3（33.33%）","195","メーヌ","Graphics/Faces/mermaid_fc1","3","Graphics/Battlers/50_mermaid_st01","","","人鱼","梅努"
"156","商人マーメイド","4","1/4（25.00%）","196","ミンク","Graphics/Faces/s_mermaid_fc1","0","Graphics/Battlers/50_s_mermaid_st01","Graphics/Pictures/ct_s_mermaid1","Graphics/Pictures/ct_s_mermaid1","商人人鱼","米努克"
"157","海賊マーメイド","2","1/2（50.00%）","197","ロリッタ","Graphics/Faces/k_mermaid_fc1","0","Graphics/Battlers/50_k_mermaid_st01","Graphics/Pictures/ct_k_mermaid1","Graphics/Pictures/ct_k_mermaid1","海贼人鱼","洛丽塔"
"158","一反木綿娘","5","1/5（20.00%）","198","もめん","Graphics/Faces/ittanmomen_fc4","0","Graphics/Battlers/80_ittanmomen_st01","","Graphics/Pictures/ct_ittanmomen1","一反木绵娘","木棉"
"161","ダゴン娘","4","1/4（25.00%）","199","セラフィ","Graphics/Faces/dagon_fc1","0","Graphics/Battlers/50_dagon_st01","","","达贡娘","赛拉菲"
"162","人魂娘","4","1/4（25.00%）","200","フィアー","Graphics/Faces/hitodama_fc1","0","Graphics/Battlers/50_hitodama_st01","Graphics/Pictures/ct_hitodama1","Graphics/Pictures/ct_hitodama1","人魂娘","菲亚"
"168","カエル娘","4","1/4（25.00%）","206","けろろん＆クルル","Graphics/Faces/kaeru_fc4","0","Graphics/Battlers/50_kaeru_st01","","Graphics/Pictures/ct_kaeru1","青蛙娘","克罗罗恩＆库鲁鲁"
"170","ケンタウロス娘","4","1/4（25.00%）","207","ポニー","Graphics/Faces/centa_fc1","0","Graphics/Battlers/80_centa_st01","","","马人娘","小马"
"171","アルラウネ","2","1/2（50.00%）","208","フローラ","Graphics/Faces/alraune_fc1","0","Graphics/Battlers/80_alraune_st01","","Graphics/Pictures/ct_tuta1；Graphics/Pictures/ct_tuta2；Graphics/Pictures/ct_utubo2；Graphics/Pictures/ct_haetori2","阿娜温","芙萝拉"
"172","御菊蟲","4","1/4（25.00%）","209","なのは","Graphics/Faces/okikumusi_fc1","0","Graphics/Battlers/50_okikumusi_st01","","","御菊虫","奈叶"
"173","幽霊娘","4","1/4（25.00%）","210","ぼたん","Graphics/Faces/ghost2_fc1","0","Graphics/Battlers/50_ghost2_st01","","Graphics/Pictures/ct_ghost2_1","幽灵娘","牡丹"
"174","ハコイリ","5","1/5（20.00%）","211","ステファニー","Graphics/Faces/hakoiri_fc1","0","Graphics/Battlers/80_hakoiri_st01","","Graphics/Pictures/ct_hakoiri1","箱中千金","斯蒂芬妮"
"179","濡れ女","4","1/4（25.00%）","214","白波","Graphics/Faces/nureonnna_fc1","0","Graphics/Battlers/50_nureonnna_st01","Graphics/Pictures/ct_nureonnna1","Graphics/Pictures/ct_nureonnna1","濡女","白波"
"180","ハイミノタウロス","3","1/3（33.33%）","215","キャロル","Graphics/Faces/h_mino_fc1","0","Graphics/Battlers/50_h_mino_st01","Graphics/Pictures/ct_h_mino1","Graphics/Pictures/ct_h_mino1","高阶米诺陶洛斯","卡萝尔"
"181","ミズタウロス","4","1/4（25.00%）","216","オデット","Graphics/Faces/m_mino_fc1","0","Graphics/Battlers/50_m_mino_st01","Graphics/Pictures/ct_m_mino1","Graphics/Pictures/ct_m_mino1","米诺陶洛斯女士","奥黛塔"
"182","ジニタウロス","4","1/4（25.00%）","217","トーラ","Graphics/Faces/zinitauros_fc1","0","Graphics/Battlers/50_zinitauros_st01","","","技师米诺陶洛斯","托特"
"185","くのいちエルフ","4","1/4（25.00%）","219","かすみ","Graphics/Faces/kunoitielf_fc1","0","Graphics/Battlers/80_kunoitielf_st01","","","女忍精灵","霞"
"186","サムライエルフ","4","1/4（25.00%）","220","月花","Graphics/Faces/samuraielf_fc1","0","Graphics/Battlers/80_samuraielf_st01","","","武士精灵","月花"
"187","雪女","3","1/3（33.33%）","221","お雪","Graphics/Faces/yukionna_fc1","0","Graphics/Battlers/50_yukionna_st01","","","雪女","阿雪"
"188","ねこまた","2","1/2（50.00%）","222","たま","Graphics/Faces/nekomata_fc1","2","Graphics/Battlers/50_nekomata_st01","","","猫又","小玉"
"189","あかなめ","3","1/3（33.33%）","223","かなめ","Graphics/Faces/akaname_fc2","1","Graphics/Battlers/80_akaname_st01","","","垢舐鬼","卡娜美"
"190","河童","3","1/3（33.33%）","224","カワコ","Graphics/Faces/kappa_fc1","0","Graphics/Battlers/50_kappa_st01","Graphics/Pictures/ct_kappa1","Graphics/Pictures/ct_kappa1","河童","川子"
"191","二口娘","3","1/3（33.33%）","225","さくら","Graphics/Faces/hutakuti_fc1","5","Graphics/Battlers/80_hutakuti_st12","","","二口娘","樱"
"193","巫女ラミア","4","1/4（25.00%）","227","魅月","Graphics/Faces/mikolamia_fc1","3","Graphics/Battlers/50_mikolamia_st01","","","巫女拉米亚","魅月"
"194","巫女アラクネ","4","1/4（25.00%）","228","まや","Graphics/Faces/mikoarachne_fc1","0","Graphics/Battlers/50_mikoarachne_st01","","Graphics/Pictures/ct_mikoarachne1","巫女阿拉克涅","麻耶"
"195","毛倡妓","4","1/4（25.00%）","229","ツバキ","Graphics/Faces/kezyorou_fc1","0","Graphics/Battlers/80_kezyorou_st01","","","毛倡妓","椿"
"197","マジカルアゲハ","5","1/5（20.00%）","231","バグスタッフ","Graphics/Faces/bugstaff_fc1","0","Graphics/Battlers/50_m_batterfly_st01","","","魔法凤蝶","魔法学院低级生"
"200","マジカルピクシー","5","1/5（20.00%）","232","マギスタンズ","Graphics/Faces/magistans_fc1","0","Graphics/Battlers/50_m_fairy_st01","","","魔法皮克西","魔法学院高级生"
"204","カマキリ娘","4","1/4（25.00%）","234","マティス","Graphics/Faces/kamakiri_fc1","0","Graphics/Battlers/50_kamakiri_st01","","","螳螂娘","玛蒂斯"
"205","カイコ娘","4","1/4（25.00%）","235","シルク","Graphics/Faces/kaiko_fc1","0","Graphics/Battlers/50_kaiko_st01","","","蚕娘","丝露库"
"206","アルラ・アルム","4","1/4（25.00%）","236","プランツイン","Graphics/Faces/plantwin_fc1","0","Graphics/Battlers/50_a_alm_st01","","Graphics/Pictures/ct_tuta1；Graphics/Pictures/ct_tuta2；Graphics/Pictures/ct_utubo2；Graphics/Pictures/ct_haetori2","阿娜・阿尔姆","植物双胞胎"
"208","アルラ・ボア","4","1/4（25.00%）","237","アルプランツ","Graphics/Faces/alplants_fc1","0","Graphics/Battlers/50_a_vore_st01","","Graphics/Pictures/ct_tuta1；Graphics/Pictures/ct_tuta2；Graphics/Pictures/ct_utubo2；Graphics/Pictures/ct_haetori2","阿娜・吞噬藤","阿娜温们"
"216","モス娘","4","1/4（25.00%）","243","インセクツ","Graphics/Faces/insects_fc1","0","Graphics/Battlers/50_moss_st01","","","蛾娘","昆虫娘们"
"219","スズメバチ娘","3","1/3（33.33%）","244","ビー","Graphics/Faces/suzumebati_fc1","0","Graphics/Battlers/80_suzumebati_st01","","","胡蜂娘","蜜蜂"
"225","ジェリー娘","4","1/4（25.00%）","246","ジェリル","Graphics/Faces/jelly_fc1","0","Graphics/Battlers/50_jelly_st01","","","果冻娘","杰里尔"
"226","ブロブ娘","4","1/4（25.00%）","247","ブロブ","Graphics/Faces/blob_fc1","0","Graphics/Battlers/50_blob_st01","","","粘体娘","布洛布"
"230","パープルスライム","5","1/5（20.00%）","248","スライミーズ","Graphics/Faces/slime_purple_fc1","3","Graphics/Battlers/50_slime_purple_st01","","Graphics/Pictures/ct_slimes1","紫史莱姆","史莱姆们"
"233","アリ娘","3","1/3（33.33%）","249","アント","Graphics/Faces/ant_fc1","0","Graphics/Battlers/80_ant_st11","","","蚁娘","蚂蚁"
"234","オートマータ娘","2","1/2（50.00%）","250","コッペリア","Graphics/Faces/artm_fc1","0","Graphics/Battlers/50_artm_st01","","Graphics/Pictures/ct_artm1","自动机娘","科佩利亚"
"235","パイズリ人形","4","1/4（25.00%）","251","パイン","Graphics/Faces/paizuridoll_fc1","0","Graphics/Battlers/50_paizuridoll_st01","","Graphics/Pictures/ct_paizuridoll1","乳交人偶","阿乳"
"236","スキュラ","3","1/3（33.33%）","252","キューラ","Graphics/Faces/scylla_fc1","0","Graphics/Battlers/50_scylla_st01","","","斯库拉","库拉"
"237","メデューサ","4","1/4（25.00%）","253","デューサ","Graphics/Faces/medusa_fc1","0","Graphics/Battlers/50_medusa_st01","","","美杜莎","杜莎"
"238","あげは娘","4","1/4（25.00%）","254","あげは","Graphics/Faces/ageha_fc1","0","Graphics/Battlers/50_ageha_st01","","","凤蝶娘","凤蝶"
"239","ブロム娘","4","1/4（25.00%）","255","ブルーム","Graphics/Faces/blom_fc1","0","Graphics/Battlers/50_blom_st01","","Graphics/Pictures/ct_blom1","剧毒史莱姆娘","布鲁姆"
"240","ウォーマー","3","1/3（33.33%）","256","エルマ","Graphics/Faces/warmer_fc1","0","Graphics/Battlers/50_warmer_st01","","","沼泽毒尸","艾尔玛"
"241","グール","5","1/5（20.00%）","257","グールズ","Graphics/Faces/gool_fc1","3","Graphics/Battlers/50_gool_st01","","","食尸鬼","食尸鬼群"
"244","フェイクジェリー","5","1/5（20.00%）","258","アルネ","Graphics/Faces/fakejelly_fc1","0","Graphics/Battlers/50_fakejelly_st01","","","假水母","阿尔涅"
"245","ウィングハーピー","4","1/4（25.00%）","259","つばさ","Graphics/Faces/w_hapy_fc1","0","Graphics/Battlers/50_w_hapy_st01","","","翼身哈比","翼"
"246","ナイトハーピー","4","1/4（25.00%）","260","クリス","Graphics/Faces/k_hapy_fc1","0","Graphics/Battlers/50_k_hapy_st01","","","骑士哈比","克莉丝"
"247","マッドゴーレム娘","5","1/5（20.00%）","261","ノーグ","Graphics/Faces/madgolem_fc1","0","Graphics/Battlers/80_madgolem_st01","","","疯狂泥魔像娘","诺格"
"249","ハナビラカマキリ娘","4","1/4（25.00%）","263","ヒナゲシ","Graphics/Faces/h_kamakiri_fc1","0","Graphics/Battlers/50_h_kamakiri_st01","","Graphics/Pictures/ct_h_kamakiri_ct1","兰花螳螂娘","虞美人"
"250","ブラックゴーレム","4","1/4（25.00%）","264","マイス","Graphics/Faces/bgolem_fc1","0","Graphics/Battlers/50_bgolem_st01","Graphics/Pictures/ct_bgolem1","Graphics/Pictures/ct_bgolem1","黑暗魔像","麦丝"
"251","狐獣","4","1/4（25.00%）","265","はるか","Graphics/Faces/kitunezyu_fc1","0","Graphics/Battlers/50_kitunezyu_st01","","","狐兽","遥"
"252","くのいち三尾","4","1/4（25.00%）","266","ミナモ","Graphics/Faces/kunoitisanbi_fc1","0","Graphics/Battlers/50_kunoitisanbi_st01","","","女忍三尾","美奈萌"
"253","もののふ四尾","4","1/4（25.00%）","267","イヅナ","Graphics/Faces/mononohuyonbi_fc1","0","Graphics/Battlers/50_mononohuyonbi_st01","","","武士四尾","伊津奈"
"256","溶岩娘","4","1/4（25.00%）","269","ロミ","Graphics/Faces/yougan_fc1","0","Graphics/Battlers/50_yougan_st01","","","熔岩娘","罗米"
"257","デーモンラミア","4","1/4（25.00%）","270","アルビーナ","Graphics/Faces/lamiad_fc1","0","Graphics/Battlers/50_lamiad_st01","","","恶魔拉米亚","阿尔比娜"
"258","デーモンスキュラ","4","1/4（25.00%）","271","ミリアム","Graphics/Faces/scyllad_fc1","0","Graphics/Battlers/50_scyllad_st01","","","恶魔斯库拉","米莉亚姆"
"259","セイレーン","3","1/3（33.33%）","272","レーネ","Graphics/Faces/seiren_fc1","0","Graphics/Battlers/80_seiren_st01","","","塞壬","蕾涅"
"260","サンゴ娘","5","1/5（20.00%）","273","サンゴ","Graphics/Faces/sango_fc1","0","Graphics/Battlers/50_sango_st01","","","珊瑚娘","珊瑚"
"261","ヒトデ娘","4","1/4（25.00%）","274","アスタ","Graphics/Faces/hitode_fc1","0","Graphics/Battlers/50_hitode_st01","","","海星娘","阿斯塔"
"265","アークジェリー","4","1/4（25.00%）","278","サマンサ","Graphics/Faces/arkjelly_fc1","0","Graphics/Battlers/50_arkjelly_st01","Graphics/Pictures/ct_arkjelly1","Graphics/Pictures/ct_arkjelly1","电弧水母","萨曼莎"
"266","エルダースキュラ","4","1/4（25.00%）","279","オーマ","Graphics/Faces/e_scylla_fc1","0","Graphics/Battlers/80_e_scylla_st01","","Graphics/Pictures/ct_e_scylla1","长老斯库拉","奥玛"
"268","サキュバス","5","1/5（20.00%）","281","ハーレム","Graphics/Faces/succubuses_fc1","0","Graphics/Battlers/80_succubuses_st01","","Graphics/Pictures/ct_succubuses3；Graphics/Pictures/ct_succubuses2；Graphics/Pictures/ct_succubuses1；Graphics/Pictures/ct_succubuses4","魅魔","后宫"
"272","メイキュバス","5","1/5（20.00%）","282","メイ","Graphics/Faces/maycubbus_fc1","0","Graphics/Battlers/50_maycubbus_st01","Graphics/Pictures/ct_maycubbus1","Graphics/Pictures/ct_maycubbus1","女仆魅魔","梅"
"279","マダムインセクト","4","1/4（25.00%）","290","シルヴィア","Graphics/Faces/madaminsect_fc1","0","Graphics/Battlers/50_madaminsect_st01","","","昆虫夫人","希尔维娅"
"280","マダムアンブレラ","4","1/4（25.00%）","291","シャロン","Graphics/Faces/madamumbrella_fc1","0","Graphics/Battlers/50_madamumbrella_st01","","","伞夫人","夏洛特"
"281","アラディア","5","1/5（20.00%）","292","アラディア","Graphics/Faces/aradia_fc1","0","Graphics/Battlers/80_aradia_st01","Graphics/Pictures/ct_aradia2","Graphics/Pictures/ct_aradia2；Graphics/Pictures/ct_aradia1","阿拉迪亚","阿拉迪亚"
"283","バジリスク娘","4","1/4（25.00%）","297","バージリン","Graphics/Faces/basilisk_fc1","0","Graphics/Battlers/80_basilisk_st01","","","鸡蛇娘","巴吉琳"
"284","ドラゴン娘","4","1/4（25.00%）","298","グランテ","Graphics/Faces/dragon_fc1","0","Graphics/Battlers/80_dragon_st01","Graphics/Pictures/ct_dragon1","Graphics/Pictures/ct_dragon1","龙娘","格兰特"
"287","ゼラチナスキューブ娘","5","1/5（20.00%）","299","マージュ","Graphics/Faces/gelatinous_fc1","0","Graphics/Battlers/50_gelatinous_st01","Graphics/Pictures/ct_gelatinous1","Graphics/Pictures/ct_gelatinous1","凝胶立方娘","玛吉"
"288","妖鬼","4","1/4（25.00%）","300","くれは","Graphics/Faces/youki_fc1","0","Graphics/Battlers/50_youki_st01","Graphics/Pictures/ct_youki1","Graphics/Pictures/ct_youki1","妖鬼","克蕾雅"
"289","虎娘","5","1/5（20.00%）","301","虎南","Graphics/Faces/tora_fc1","0","Graphics/Battlers/50_tora_st01","","","虎娘","虎南"
"290","ヴァンパイア","3","1/3（33.33%）","302","ヴィルヘルミナ","Graphics/Faces/vampire_fc1","0","Graphics/Battlers/80_vampire_st01","","","吸血鬼","维尔赫尔米娜"
"291","ジェライラ","5","1/5（20.00%）","303","ジェライラ","Graphics/Faces/jeraira_fc1","0","Graphics/Battlers/50_jeraira_st01","","","杰莱拉","杰莱拉"
"292","リボ・リボ","5","1/5（20.00%）","304","リボ・リボ","Graphics/Faces/libolibo_fc1","0","Graphics/Battlers/50_libolibo_st01","","","莉波・莉波","莉波・莉波"
"293","アンフィル","5","1/5（20.00%）","305","アンフィル","Graphics/Faces/anfill_fc1","0","Graphics/Battlers/50_anfill_st01","","Graphics/Pictures/ct_anfill1","安菲尔","安菲尔"
"294","ツィンケル","5","1/5（20.00%）","306","ツィンケル","Graphics/Faces/twinkel_fc1","0","Graphics/Battlers/80_twinkel_st01","","Graphics/Pictures/ct_twinkel1","辛克尔","辛克尔"
"299","シーアネモネ","4","1/4（25.00%）","307","アネモ","Graphics/Faces/seaanemone_fc1","0","Graphics/Battlers/50_seaanemone_st01","","","海百合","海百合"
"300","水龍娘","5","1/5（20.00%）","308","みお","Graphics/Faces/suiryu_fc1","0","Graphics/Battlers/50_suiryu_st01","","","水龙娘","美绪"
"301","マンタ娘","5","1/5（20.00%）","309","オーシャン","Graphics/Faces/manta_fc1","0","Graphics/Battlers/80_manta_st01","Graphics/Pictures/ct_manta1","Graphics/Pictures/ct_manta1","蝠鲼娘","奥珊"
"302","イッカク娘","5","1/5（20.00%）","310","ホルン","Graphics/Faces/ikkaku_fc1","0","Graphics/Battlers/80_ikkaku_st01","","","独角鲸娘","霍恩"
"303","トリックフェアリー","5","1/5（20.00%）","311","シシリー","Graphics/Faces/trickfairy_fc1","0","Graphics/Battlers/50_trickfairy_st01","","","捣蛋小仙子","希希莉"
"304","アマゾネスエルフ","4","1/4（25.00%）","312","サン","Graphics/Faces/amazoneself_fc1","0","Graphics/Battlers/50_amazoneself_st01","","Graphics/Pictures/ct_amazoneself1","亚马逊精灵","桑"
"305","カーバンクル娘","4","1/4（25.00%）","313","カルカナ","Graphics/Faces/carbuncle_fc1","0","Graphics/Battlers/50_carbuncle_st01","","","卡班克尔娘","卡尔卡娜"
"306","ジャイガンテック娘","5","1/5（20.00%）","314","ジェイム","Graphics/Faces/gigantic_fc1","0","Graphics/Battlers/80_gigantic_st01","Graphics/Pictures/ct_gigantic1","Graphics/Pictures/ct_gigantic1","巨人娘","杰姆"
"309","フォレストアルラウネ","4","1/4（25.00%）","317","アリア","Graphics/Faces/f_alraune_fc1","0","Graphics/Battlers/50_f_alraune_st01","","Graphics/Pictures/ct_tuta1；Graphics/Pictures/ct_tuta2；Graphics/Pictures/ct_utubo2；Graphics/Pictures/ct_haetori2","森林阿娜温","阿莉亚"
"310","フォレストドリアード","4","1/4（25.00%）","318","ラシェル","Graphics/Faces/f_dryad_fc1","0","Graphics/Battlers/50_f_dryad_st01","","Graphics/Pictures/ct_tuta1；Graphics/Pictures/ct_tuta2；Graphics/Pictures/ct_utubo2；Graphics/Pictures/ct_haetori2","森林树精","拉谢尔"
"311","ワルラウネ","4","1/4（25.00%）","319","ベラドンナ","Graphics/Faces/walraune_fc1","3","Graphics/Battlers/80_walraune_st01","","Graphics/Pictures/ct_tuta1；Graphics/Pictures/ct_tuta2；Graphics/Pictures/ct_utubo2；Graphics/Pictures/ct_haetori2","恶娜温","贝拉多娜"
"312","ドリアード","3","1/3（33.33%）","320","ドリア","Graphics/Faces/dryad_fc1","0","Graphics/Battlers/50_dryad_st01","","Graphics/Pictures/ct_tuta1；Graphics/Pictures/ct_tuta2；Graphics/Pictures/ct_utubo2；Graphics/Pictures/ct_haetori2","树精","多莉亚"
"313","ドリアード","3","1/3（33.33%）","321","ドリエ","Graphics/Faces/dryad_fc1","4","Graphics/Battlers/50_dryad_st11","","Graphics/Pictures/ct_tuta1；Graphics/Pictures/ct_tuta2；Graphics/Pictures/ct_utubo2；Graphics/Pictures/ct_haetori2","树精","多莉耶"
"316","ナイトマーメイド","3","1/3（33.33%）","324","メリル","Graphics/Faces/knight_mermaid_fc1","0","Graphics/Battlers/50_knight_mermaid_st01","","","骑士人鱼","梅莉尔"
"317","ジェネラルマーメイド","4","1/4（25.00%）","325","ジェシー","Graphics/Faces/g_marmaid_fc1","0","Graphics/Battlers/50_g_mermaid_st01","","","将军人鱼","杰西"
"318","ローレライ","3","1/3（33.33%）","326","ハイネ","Graphics/Faces/loreley_fc1","0","Graphics/Battlers/80_loreley_st01","","","罗蕾莱","海涅"
"321","アラクネ","5","1/5（20.00%）","330","アラクネーズ","Graphics/Faces/arachnes_fc1","0","Graphics/Battlers/50_arachnes_st01","","Graphics/Pictures/ct_arachnes1","阿拉克涅","阿拉克涅集团"
"324","あやし土蜘蛛","5","1/5（20.00%）","331","ミズキ","Graphics/Faces/tutigumo_fc1","0","Graphics/Battlers/80_tutigumo_st11","Graphics/Pictures/ct_tutigumo1","Graphics/Pictures/ct_tutigumo1","诡怪土蜘蛛","水木"
"325","アラクネロード","5","1/5（20.00%）","332","アラーニェ","Graphics/Faces/alakneload_fc1","0","Graphics/Battlers/50_alakneload_st01","","","阿拉克涅领主","阿拉涅"
"326","アトラク＝ナクア","5","1/5（20.00%）","333","ナクア","Graphics/Faces/atlach_fc1","0","Graphics/Battlers/80_atlach_st02","","","阿特拉克・纳克亚","纳克亚"
"328","コンキスタ","4","1/4（25.00%）","335","エビータ","Graphics/Faces/conquista_fc1","0","Graphics/Battlers/50_conquista_st01","Graphics/Pictures/ct_conquista1","Graphics/Pictures/ct_conquista1","征服者","艾薇塔"
"329","ヴェンデッタ","4","1/4（25.00%）","336","アンヘラ","Graphics/Faces/vendetta_fc1","0","Graphics/Battlers/50_vendetta_st01","Graphics/Pictures/ct_vendetta1","Graphics/Pictures/ct_vendetta1","仇杀者","安吉拉"
"330","エルダーヴァンパイア","4","1/4（25.00%）","337","ヴァルヘルト","Graphics/Faces/e_vampire_fc1","0","Graphics/Battlers/80_e_vampire_st01","","","长老吸血鬼","瓦尔赫尔特"
"334","マスターシャドウ","4","1/4（25.00%）","342","エスメラルダ","Graphics/Faces/m_shadow_fc1","0","Graphics/Battlers/50_m_shadow_st01","","","幽影之主","艾斯梅拉达"
"335","煙々羅","5","1/5（20.00%）","343","夕霧","Graphics/Faces/enenra_fc1","1","Graphics/Battlers/50_enenra_st11","Graphics/Pictures/ct_enenra1","Graphics/Pictures/ct_enenra1","烟烟罗","夕雾"
"336","麒麟","5","1/5（20.00%）","344","キリン","Graphics/Faces/kirin_fc1","0","Graphics/Battlers/80_kirin_st02","","Graphics/Pictures/ct_kirin1","麒麟","绮铃"
"337","蛇骨女","5","1/5（20.00%）","345","蛇骨殿","Graphics/Faces/zyakotuonna_fc1","0","Graphics/Battlers/50_zyakotuonna_st01","","","蛇骨女","蛇骨殿"
"338","ベヒーモス娘","3","1/3（33.33%）","346","ベヒーナ","Graphics/Faces/behemoth_fc1","0","Graphics/Battlers/80_behemoth_st01","","","贝希摩斯娘","贝希娜"
"339","ワイバーン","4","1/4（25.00%）","347","ワーバイン","Graphics/Faces/wyvern_fc1","0","Graphics/Battlers/80_wyvern_st01","","","飞龙","瓦尔拜因"
"340","巨竜娘","4","1/4（25.00%）","348","ぎが","Graphics/Faces/kyoryuu_fc1","0","Graphics/Battlers/80_kyoryuu_st01","Graphics/Pictures/ct_kyoryuu1","Graphics/Pictures/ct_kyoryuu1","巨龙娘","巍峨"
"341","モンクサキュバス","4","1/4（25.00%）","349","エルザ","Graphics/Faces/monk_sucubuss_fc1","0","Graphics/Battlers/50_monk_sucubuss_st01","Graphics/Pictures/ct_monk_sucubuss1","Graphics/Pictures/ct_monk_sucubuss1","僧侣魅魔","厄萨"
"342","モンクデーモン","4","1/4（25.00%）","350","アニー","Graphics/Faces/monk_demon_fc1","0","Graphics/Battlers/50_monk_demon_st01","Graphics/Pictures/ct_monk_demon1","Graphics/Pictures/ct_monk_demon1","僧侣恶魔","安妮"
"343","スキュラサーバント","5","1/5（20.00%）","351","セシール","Graphics/Faces/scylla_s_fc1","0","Graphics/Battlers/50_scylla_s_st01","Graphics/Pictures/ct_scylla_s1","Graphics/Pictures/ct_scylla_s1","斯库拉女仆","塞西尔"
"344","ヴィーヴル娘","5","1/5（20.00%）","352","ヴィーヴィー","Graphics/Faces/vouivre_fc1","0","Graphics/Battlers/50_vouivre_st01","Graphics/Pictures/ct_vouivre1","Graphics/Pictures/ct_vouivre1","薇薇尔娘","薇薇"
"351","氷の魔女","5","1/5（20.00%）","353","イルマ","Graphics/Faces/icemaze_fc1","0","Graphics/Battlers/50_icemaze_st01","","","冰之魔女","艾尔玛"
"352","シロクマ娘","3","1/3（33.33%）","354","クヌート","Graphics/Faces/shirokuma_fc1","0","Graphics/Battlers/50_shirokuma_st01","Graphics/Pictures/ct_shirokuma1","Graphics/Pictures/ct_shirokuma1","白熊娘","克努特"
"353","天使兵","3","1/3（33.33%）","355","エンジェルズ","Graphics/Faces/angels_fc1","0","Graphics/Battlers/50_angels_st01","","Graphics/Pictures/ct_angels1","天使兵","天使们"
"358","トリニティ","5","1/5（20.00%）","356","トリニティ","Graphics/Faces/trinity_fc1","3","Graphics/Battlers/50_trinity_st01","","Graphics/Pictures/ct_trinity1","三位一体","三位一体"
"361","ウラヌス","5","1/5（20.00%）","357","ウラヌス","Graphics/Faces/uranus_fc1","0","Graphics/Battlers/50_uranus_st01","","","乌拉诺斯","乌拉诺斯"
"362","エリシエル","5","1/5（20.00%）","358","エリシエル","Graphics/Faces/erisiel_fc1","0","Graphics/Battlers/50_ediniel_st01","","","伊利西艾尔","伊利西艾尔"
"363","キューピッド","3","1/3（33.33%）","359","キューピー","Graphics/Faces/cupid_fc1","0","Graphics/Battlers/50_cupid_st01","","","丘比特","丘比"
"364","ヴァルキリー","3","1/3（33.33%）","360","ヴィクトリア","Graphics/Faces/valkyrie_fc1","0","Graphics/Battlers/50_valkyrie_st01","","","瓦尔基里","维多利亚"
"366","ヘリエル","5","1/5（20.00%）","361","ヘリエル","Graphics/Faces/heriel_fc1","0","Graphics/Battlers/80_heriel_st01","","","海莉艾尔","海莉艾尔"
"367","アルシエル","5","1/5（20.00%）","362","アルシエル","Graphics/Faces/arusiel_fc1","0","Graphics/Battlers/80_arusiel_st11","","","艾尔西艾尔","艾尔西艾尔"
"373","キメラビースト","4","1/4（25.00%）","363","がぶり","Graphics/Faces/c_beast_fc1","0","Graphics/Battlers/50_c_beast_st01","","","奇美拉兽","伽捕"
"374","S-2","4","1/4（25.00%）","364","あわわ","Graphics/Faces/c_s2_fc1","0","Graphics/Battlers/50_c_s2_st01","","","S-2","阿哇哇"
"375","A-3","4","1/4（25.00%）","365","ぱたぱた","Graphics/Faces/c_a3_fc1","0","Graphics/Battlers/50_c_a3_st01","","","A-3","啪嗒啪嗒"
"376","AD-5","4","1/4（25.00%）","366","まっきー","Graphics/Faces/AD-5_fc1","0","Graphics/Battlers/50_AD-5_st01","","","AD-5","玛奇"
"377","Q-5","5","1/5（20.00%）","367","ぐるる","Graphics/Faces/q_5_fc1","0","Graphics/Battlers/50_q_5_st01","","","Q-5","咕噜噜"
"462","サキュバス","4","1/4（25.00%）","829","リリン","Graphics/Faces/succubusq_fc1","0","Graphics/Battlers/50_succubusq_st01","","","魅魔","莉莉恩"
"492","サキュバス","4","1/4（25.00%）","831","アヤネ","Graphics/Faces/succubusj_fc1","0","Graphics/Battlers/50_succubusj_st01","Graphics/Pictures/ct_succubusj1","Graphics/Pictures/ct_succubusj1","魅魔","绫音"
"494","サキュバス","4","1/4（25.00%）","830","メア","Graphics/Faces/succubusm_fc1","0","Graphics/Battlers/50_succubusm_st01","","","魅魔","梅亚"
"502","コックローチ娘","2","1/2（50.00%）","404","クローナ","Graphics/Faces/cockroacha_fc1","0","Graphics/Battlers/50_cockroacha_st01","","","蟑螂娘","克萝娜"
"503","スピードローチ","3","1/3（33.33%）","405","ローファ","Graphics/Faces/cockroachb_fc1","0","Graphics/Battlers/50_cockroachb_st01","","","迅捷蟑螂","乐福"
"507","マジックポット","2","1/2（50.00%）","407","ポトフ","Graphics/Faces/magicpot_fc1","0","Graphics/Battlers/80_magicpot_st01","","","魔法壶","波托夫"
"508","豆狸","1","1/1（100.00%）","408","ぽんぽこ","Graphics/Faces/mametanuki_fc1","0","Graphics/Battlers/50_mametanuki_st01","","","豆狸","蓬蓬可"
"509","上狸","3","1/3（33.33%）","409","たぬぽん","Graphics/Faces/zyoutanuki_fc1","0","Graphics/Battlers/50_zyoutanuki_st01","","","上狸","狸咚"
"510","忍狸","3","1/3（33.33%）","410","どろん","Graphics/Faces/shinobitanuki_fc1","0","Graphics/Battlers/50_shinobitanuki_st01","","","忍狸","忽隆"
"511","化け狸","3","1/3（33.33%）","411","望月","Graphics/Faces/baketanuki_fc1","0","Graphics/Battlers/50_baketanuki_st01","","","化狸","望月"
"515","くのいちエルフ","3","1/3（33.33%）","414","夜の蜻蛉","Graphics/Faces/kunoitielf2_fc4","0","Graphics/Battlers/80_kunoitielf2_st01","","Graphics/Pictures/ct_kunoitielf2_1；Graphics/Pictures/ct_kunoitielf2_3；Graphics/Pictures/ct_kunoitielf2_2","女忍精灵","夜之蜻蛉"
"518","くのいちサキュバス","4","1/4（25.00%）","415","天音","Graphics/Faces/kuno_succubus_fc1","0","Graphics/Battlers/50_kuno_succubus_st01","Graphics/Pictures/ct_kuno_succubus1","Graphics/Pictures/ct_kuno_succubus1","女忍魅魔","天音"
"519","くのいちハーピー","4","1/4（25.00%）","416","燕","Graphics/Faces/kuno_hapy_fc1","0","Graphics/Battlers/50_kuno_hapy_st01","Graphics/Pictures/ct_kuno_hapy1","Graphics/Pictures/ct_kuno_hapy1","女忍哈比","燕"
"520","くのいちスキュラ","4","1/4（25.00%）","417","紫陽花","Graphics/Faces/kuno_scylla_fc1","0","Graphics/Battlers/50_kuno_scylla_st01","Graphics/Pictures/ct_kuno_scylla1","Graphics/Pictures/ct_kuno_scylla1","女忍斯库拉","紫阳花"
"521","くのいちアラクネ","4","1/4（25.00%）","418","蛍","Graphics/Faces/kuno_arachne_fc1","0","Graphics/Battlers/50_kuno_arachne_st01","Graphics/Pictures/ct_kuno_arachne1","Graphics/Pictures/ct_kuno_arachne1","女忍阿拉克涅","蛍"
"526","エルダーサキュバス","3","1/3（33.33%）","421","アロマ","Graphics/Faces/esuccubus_fc1","0","Graphics/Battlers/80_esuccubus_st01","","","长老魅魔","阿罗玛"
"527","グランセントール","2","1/2（50.00%）","422","ランスロット","Graphics/Faces/gran_centa_fc1","0","Graphics/Battlers/50_gran_centa_st01","","","巨型半人马","兰斯洛特"
"528","エイビス娘","3","1/3（33.33%）","423","アンドレア","Graphics/Faces/abis_fc1","0","Graphics/Battlers/50_abis_st01","Graphics/Pictures/ct_abis1","Graphics/Pictures/ct_abis1","龙鸟娘","安茱莉亚"
"529","陰陽五尾","4","1/4（25.00%）","424","初音","Graphics/Faces/onmyougobi_fc1","0","Graphics/Battlers/50_onmyougobi_st01","","","阴阳五尾","初音"
"530","花魁六尾","4","1/4（25.00%）","425","藤袴","Graphics/Faces/oiranrokubi_fc1","0","Graphics/Battlers/50_oiranrokubi_st01","","","花魁六尾","藤袴"
"545","アモルドール","10","1/10（10.00%）","429","アモルドール","Graphics/Faces/amoldoll_fc1","0","Graphics/Battlers/50_amoldoll_st01","","","阿莫尔人偶","阿莫尔人偶"
"548","ペルセポネー","10","1/10（10.00%）","430","ペルセポネー","Graphics/Faces/persephone_fc1","0","Graphics/Battlers/50_persephone_st01","","","珀耳塞福涅","珀耳塞福涅"
"549","トリロバイト","10","1/10（10.00%）","431","トリロバイト","Graphics/Faces/trilobite_fc1","0","Graphics/Battlers/80_trilobite_st11","Graphics/Pictures/ct_tuta2；Graphics/Pictures/ct_haetori2","Graphics/Pictures/ct_tuta1；Graphics/Pictures/ct_tuta2；Graphics/Pictures/ct_utubo2；Graphics/Pictures/ct_haetori2","三叶虫","三叶虫"
"554","マリエル","6","1/6（16.67%）","435","マリエル","Graphics/Faces/mariel_fc1","0","Graphics/Battlers/50_mariel_st01","","","玛丽艾尔","玛丽艾尔"
"555","淫乳天女","8","1/8（12.50%）","436","乳々","Graphics/Faces/tennyo_fc1","0","Graphics/Battlers/50_tennyo_st01","Graphics/Pictures/ct_tennyo1","Graphics/Pictures/ct_tennyo1","淫乳天女","乳乳"
"556","キメラテンタクル","8","1/8（12.50%）","437","フィオナ","Graphics/Faces/c_tentacle_fc1","0","Graphics/Battlers/50_c_tentacle_st01","","","奇美拉触手","菲奥娜"
"558","アリエル","4","1/4（25.00%）","438","アリエル","Graphics/Faces/ariel_fc1","3","Graphics/Battlers/80_ariel_st01","","","阿莉艾尔","阿莉艾尔"
"559","ラナエル","8","1/8（12.50%）","439","ラナエル","Graphics/Faces/ranael_fc1","0","Graphics/Battlers/80_ranael_st31","Graphics/Pictures/ct_tuta2；Graphics/Pictures/ct_haetori2","Graphics/Pictures/ct_tuta1；Graphics/Pictures/ct_tuta2；Graphics/Pictures/ct_utubo2；Graphics/Pictures/ct_haetori2","拉娜艾尔","拉娜艾尔"
"562","ナガエル","8","1/8（12.50%）","440","ナガエル","Graphics/Faces/nagael_fc1","0","Graphics/Battlers/80_nagael_st01","","","娜迦艾尔","娜迦艾尔"
"563","キメラメデュラハン","8","1/8（12.50%）","441","ロンド","Graphics/Faces/c_medulahan_fc1","0","Graphics/Battlers/50_c_medulahan_st01","","","奇美拉美杜拉罕","朗多"
"565","ラタエル","6","1/6（16.67%）","442","ラタエル","Graphics/Faces/ratael_fc1","0","Graphics/Battlers/50_ratael_st01","Graphics/Pictures/ct_ratael1","Graphics/Pictures/ct_ratael1","菈塔艾尔","菈塔艾尔"
"566","リファイール","10","1/10（10.00%）","443","リファイール","Graphics/Faces/rifaiel_fc1","0","Graphics/Battlers/50_rifaiel_st11","","Graphics/Pictures/ct_tuta1；Graphics/Pictures/ct_tuta2；Graphics/Pictures/ct_utubo2；Graphics/Pictures/ct_haetori2","利芙艾尔","利芙艾尔"
"568","ギリエル","4","1/4（25.00%）","444","ギリエル","Graphics/Faces/giriel_fc1","0","Graphics/Battlers/50_giriel_st01","Graphics/Pictures/ct_giriel1","Graphics/Pictures/ct_giriel1","吉莉艾尔","吉莉艾尔"
"569","トルーパーロイド","4","1/4（25.00%）","445","ポム","Graphics/Faces/trooperloid_fc1","0","Graphics/Battlers/50_trooperloid_st01","","","士兵机器人","波姆"
"571","サビリエル","8","1/8（12.50%）","446","サビリエル","Graphics/Faces/sabiriel_fc1","0","Graphics/Battlers/50_sabiriel_st01","Graphics/Pictures/ct_sabiriel1","Graphics/Pictures/ct_sabiriel1","萨比莉艾尔","萨比莉艾尔"
"574","ムズキエル","6","1/6（16.67%）","447","ムズキエル","Graphics/Faces/muzukiel_fc1","0","Graphics/Battlers/50_muzukiel_st01","","","穆祖吉艾尔","穆祖吉艾尔"
"575","シルキエル","8","1/8（12.50%）","448","シルキエル","Graphics/Faces/silkiel_fc1","0","Graphics/Battlers/50_silkiel_st01","","","希尔吉艾尔","希尔吉艾尔"
"577","ベリエル","8","1/8（12.50%）","449","ベリエル","Graphics/Faces/berryel_fc1","0","Graphics/Battlers/50_berryel_st01","","Graphics/Pictures/ct_tuta1；Graphics/Pictures/ct_tuta2；Graphics/Pictures/ct_utubo2；Graphics/Pictures/ct_haetori2","贝莉艾尔","贝莉艾尔"
"578","キメラプラント","6","1/6（16.67%）","450","エラント","Graphics/Faces/evilprant_fc1","0","Graphics/Battlers/50_evilprant_st01","","Graphics/Pictures/ct_tuta1；Graphics/Pictures/ct_tuta2；Graphics/Pictures/ct_utubo2；Graphics/Pictures/ct_haetori2","奇美拉植物","艾兰特"
"579","リヴァエル","8","1/8（12.50%）","451","リヴァエル","Graphics/Faces/revel_fc1","0","Graphics/Battlers/80_revel_st01","","","莉瓦艾尔","莉瓦艾尔"
"584","キメラタン","6","1/6（16.67%）","452","レロール","Graphics/Faces/c_tangh_fc1","0","Graphics/Battlers/50_c_tangh_st01","","","奇美拉舌","雷罗尔"
"585","キメラバグ","4","1/4（25.00%）","453","マリ","Graphics/Faces/c_bug_fc1","0","Graphics/Battlers/50_c_bug_st01","","","奇美拉虫","玛莉"
"586","キメラスラッグ","6","1/6（16.67%）","454","ジェイン","Graphics/Faces/c_slag_fc1","0","Graphics/Battlers/50_c_slag_st01","","","奇美拉蛞蝓","简"
"587","キメラドリアード","10","1/10（10.00%）","455","アリー","Graphics/Faces/c_dryad_fc1","0","Graphics/Battlers/50_c_dryad_st01","","Graphics/Pictures/ct_tuta1；Graphics/Pictures/ct_tuta2；Graphics/Pictures/ct_utubo2；Graphics/Pictures/ct_haetori2","奇美拉树精","阿利"
"589","カトブレパス","8","1/8（12.50%）","456","ストーン","Graphics/Faces/catoblepas_fc1","0","Graphics/Battlers/50_catoblepas_st01","","","卡托布莱帕斯","斯通"
"590","テュポーン","8","1/8（12.50%）","457","テュポーネ","Graphics/Faces/typhon_fc1","0","Graphics/Battlers/50_typhon_st01","","","堤丰","提丰妮"
"593","トラップテミス","4","1/4（25.00%）","459","ビーナス","Graphics/Faces/traptemis_fc1","0","Graphics/Battlers/50_traptemis_st01","","","陷阱忒弥斯","维纳斯"
"595","フーリエル","8","1/8（12.50%）","460","フーリエル","Graphics/Faces/furiel_fc1","0","Graphics/Battlers/50_furiel_st01","","Graphics/Pictures/ct_furiel1","傅里艾尔","傅里艾尔"
"596","ドレインプラント","6","1/6（16.67%）","461","ドリス","Graphics/Faces/drainplant_fc1","0","Graphics/Battlers/50_drainplant_st01","","","榨精植物","多丽丝"
"597","ドレインロイド","8","1/8（12.50%）","462","ロゴス","Graphics/Faces/drainloid_fc1","0","Graphics/Battlers/80_drainloid_st01","","","榨精机器人","逻各斯"
"598","ハンディロイド","8","1/8（12.50%）","463","カーラ","Graphics/Faces/handyloid_fc1","0","Graphics/Battlers/50_handyloid_st01","","","巧手机器人","卡拉"
"601","メイドエンジェル","4","1/4（25.00%）","464","メイジェル","Graphics/Faces/maid_angel_fc1","0","Graphics/Battlers/50_maid_angel_st01","Graphics/Pictures/ct_maid_angel1","Graphics/Pictures/ct_maid_angel1","女仆天使","梅琪尔"
"602","コックエンジェル","4","1/4（25.00%）","465","クジェル","Graphics/Faces/cooc_angel_fc1","0","Graphics/Battlers/50_cooc_angel_st01","","Graphics/Pictures/ct_cooc_angel1","厨师天使","库琪尔"
"603","ワイティエル","6","1/6（16.67%）","466","ワイティエル","Graphics/Faces/whiteyel_fc1","0","Graphics/Battlers/50_whiteyel_st01","Graphics/Pictures/ct_whiteyel1","Graphics/Pictures/ct_whiteyel1","怀蒂艾尔","怀蒂艾尔"
"604","ラミアンロイド","6","1/6（16.67%）","467","プシェル","Graphics/Faces/lamianloid_fc1","0","Graphics/Battlers/50_lamianloid_st01","","Graphics/Pictures/ct_lamianloid1","拉米亚机器人","普谢尔"
"611","エンディエル","8","1/8（12.50%）","468","エンディエル","Graphics/Faces/endiel_fc1","0","Graphics/Battlers/50_endiel_st11","","","安迪艾尔","安迪艾尔"
"613","レプリカント","4","1/4（25.00%）","469","リプラ","Graphics/Faces/replicant_fc1","0","Graphics/Battlers/50_replicant_st01","","","新人类","瑞普拉"
"616","キメラプリズン","8","1/8（12.50%）","470","プリオ","Graphics/Faces/c_prison_fc1","0","Graphics/Battlers/50_c_prison_st01","","","奇美拉监狱","普里奥"
"619","マイコニド","6","1/6（16.67%）","471","デボラ","Graphics/Faces/maikonido_fc1","0","Graphics/Battlers/50_maikonido_st01","","Graphics/Pictures/ct_tuta1；Graphics/Pictures/ct_tuta2；Graphics/Pictures/ct_utubo2；Graphics/Pictures/ct_haetori2","蕈人","黛博拉"
"620","マタンゴ","8","1/8（12.50%）","472","マタンゴ","Graphics/Faces/matango_fc1","6","Graphics/Battlers/80_matango_st01","","Graphics/Pictures/ct_tuta1；Graphics/Pictures/ct_tuta2；Graphics/Pictures/ct_utubo2；Graphics/Pictures/ct_haetori2","玛坦戈","玛坦戈"
"621","メルティモス","6","1/6（16.67%）","473","モスミー","Graphics/Faces/meltymoss_fc1","0","Graphics/Battlers/50_meltymoss_st01","","","融蛾","莫斯米"
"622","メルティローズ","6","1/6（16.67%）","474","ローズ","Graphics/Faces/meltyrose_fc1","0","Graphics/Battlers/50_meltyrose_st01","","Graphics/Pictures/ct_meltyrose1；Graphics/Pictures/ct_tuta1；Graphics/Pictures/ct_tuta2；Graphics/Pictures/ct_utubo2；Graphics/Pictures/ct_haetori2","融蔷薇","萝丝"
"623","キメラドリアード・ボア","10","1/10（10.00%）","475","ジャンヌ","Graphics/Faces/c_dryad_vore_fc1","0","Graphics/Battlers/50_c_dryad_vore_st01","Graphics/Pictures/ct_tuta2；Graphics/Pictures/ct_utubo2；Graphics/Pictures/ct_haetori2","Graphics/Pictures/ct_tuta1；Graphics/Pictures/ct_tuta2；Graphics/Pictures/ct_utubo2；Graphics/Pictures/ct_haetori2","奇美拉树精・吞噬","贞德"
"626","帽子のアリス","20","1/20（5.00%）","715","帽子のアリス","Graphics/Faces/alice8thx_fc1","0","Graphics/Battlers/50_alice8thx01_st01","","","帽之爱丽丝","帽之爱丽丝"
"627","傘のアリス","20","1/20（5.00%）","716","傘のアリス","Graphics/Faces/alice8thx_fc1","1","Graphics/Battlers/50_alice8thx01_st02","","","伞之爱丽丝","伞之爱丽丝"
"628","赤のアリス","20","1/20（5.00%）","717","赤のアリス","Graphics/Faces/alice8thx_fc1","2","Graphics/Battlers/50_alice8thx01_st03","","","赤之爱丽丝","赤之爱丽丝"
"629","冬のアリス","20","1/20（5.00%）","718","冬のアリス","Graphics/Faces/alice8thx_fc1","3","Graphics/Battlers/50_alice8thx01_st04","","","冬之爱丽丝","冬之爱丽丝"
"630","剣のアリス","20","1/20（5.00%）","719","剣のアリス","Graphics/Faces/alice8thx_fc1","4","Graphics/Battlers/50_alice8thx01_st05","","","剑之爱丽丝","剑之爱丽丝"
"631","武のアリス","20","1/20（5.00%）","720","武のアリス","Graphics/Faces/alice8thx_fc1","5","Graphics/Battlers/50_alice8thx01_st06","","","武之爱丽丝","武之爱丽丝"
"633","白のアリス","20","1/20（5.00%）","722","白のアリス","Graphics/Faces/alice8thx_fc1","7","Graphics/Battlers/50_alice8thx01_st08","","","白之爱丽丝","白之爱丽丝"
"634","侍のアリス","20","1/20（5.00%）","723","侍のアリス","Graphics/Faces/alice8thx_fc2","0","Graphics/Battlers/50_alice8thx01_st09","","","侍之爱丽丝","侍之爱丽丝"
"635","忍のアリス","20","1/20（5.00%）","724","忍のアリス","Graphics/Faces/alice8thx_fc2","1","Graphics/Battlers/50_alice8thx01_st10","","","忍之爱丽丝","忍之爱丽丝"
"637","猟のアリス","20","1/20（5.00%）","721","猟のアリス","Graphics/Faces/alice8thx_fc1","6","Graphics/Battlers/50_alice8thx01_st07","","","猎之爱丽丝","猎之爱丽丝"
"638","舞のアリス","20","1/20（5.00%）","725","舞のアリス","Graphics/Faces/alice8thx_fc2","2","Graphics/Battlers/50_alice8thx01_st11","","","舞之爱丽丝","舞之爱丽丝"
"639","呪のアリス","20","1/20（5.00%）","727","呪のアリス","Graphics/Faces/alice8thx_fc2","4","Graphics/Battlers/50_alice8thx01_st13","","","咒之爱丽丝","咒之爱丽丝"
"640","兎のアリス","20","1/20（5.00%）","728","兎のアリス","Graphics/Faces/alice8thx_fc2","5","Graphics/Battlers/50_alice8thx01_st14","","","兔之爱丽丝","兔之爱丽丝"
"642","蝕のアリス","20","1/20（5.00%）","714","蝕のアリス","Graphics/Faces/alice8th_fc3","0","Graphics/Battlers/80_alice8th5_st01","","","蚀之爱丽丝","蚀之爱丽丝"
"643","海のアリス","20","1/20（5.00%）","726","海のアリス","Graphics/Faces/alice8thx_fc2","3","Graphics/Battlers/50_alice8thx01_st12","","","海之爱丽丝","海之爱丽丝"
"644","魔のアリス","20","1/20（5.00%）","729","魔のアリス","Graphics/Faces/alice8thx_fc2","6","Graphics/Battlers/50_alice8thx01_st15","","","魔之爱丽丝","魔之爱丽丝"
"650","ヨモツシコメ","6","1/6（16.67%）","476","モコメ","Graphics/Faces/yomotu_fc1","0","Graphics/Battlers/50_yomotu_st01","","","黄泉丑女","黄泉女"
"651","フェルメサーラ","8","1/8（12.50%）","477","フェルメサーラ","Graphics/Faces/fermesara_fc1","0","Graphics/Battlers/50_fermesara_st01","","","拉之子美西芙","拉之子美西芙"
"652","エンジェルグール","8","1/8（12.50%）","478","ユリアレスカ","Graphics/Faces/angelghoul_fc1","0","Graphics/Battlers/80_angelghoul_st01","","","天使食尸鬼","尤莉亚雷斯卡"
"653","ドラゴンゾンビ娘","10","1/10（10.00%）","479","ドルバレル","Graphics/Faces/dragonzonbe_fc1","0","Graphics/Battlers/80_dragonzonbe_st21","Graphics/Pictures/ct_dragonzonbe1","Graphics/Pictures/ct_dragonzonbe1","僵尸龙娘","多尔巴雷尔"
"655","ドッペルエリート","8","1/8（12.50%）","505","ルカ・ドッペル","Graphics/Faces/doppele_fc2","0","Graphics/Battlers/50_doppeleb_st01","","","克隆体精英","鲁卡・克隆体"
"656","サルラック娘","10","1/10（10.00%）","480","ラック","Graphics/Faces/sarlacc_fc1","0","Graphics/Battlers/80_sarlacc_st01","","","沙拉克娘","拉克"
"662","シリエル","6","1/6（16.67%）","481","シリエル","Graphics/Faces/siriel_fc1","0","Graphics/Battlers/50_siriel_st01","","","希莉艾尔","希莉艾尔"
"663","エグエル","8","1/8（12.50%）","482","エグエル","Graphics/Faces/eggel_fc1","0","Graphics/Battlers/50_eggel_st01","","","艾格艾尔","艾格艾尔"
"664","キメラチャリオッツ","8","1/8（12.50%）","483","チェリオ","Graphics/Faces/c_chariot_fc1","0","Graphics/Battlers/50_c_chariot_st01","","","奇美拉战车","切里奥"
"665","ナイトロイド","8","1/8（12.50%）","484","レイローズ","Graphics/Faces/knightloid_fc1","0","Graphics/Battlers/80_knightloid_st01","Graphics/Pictures/ct_knightloid1","Graphics/Pictures/ct_knightloid1","骑士机器人","蕾洛斯"
"666","アサシンロイド","8","1/8（12.50%）","485","ミネビア","Graphics/Faces/assassinloid_fc1","3","Graphics/Battlers/80_assassinloid_st01","Graphics/Pictures/ct_assassinloid1","Graphics/Pictures/ct_assassinloid1","刺客机器人","米涅比亚"
"668","ユリエル","8","1/8（12.50%）","486","ユリエル","Graphics/Faces/yuriel_fc1","0","Graphics/Battlers/50_yuriel_st01","","","尤莉艾尔","尤莉艾尔"
"669","メルシエル","8","1/8（12.50%）","487","メルシエル","Graphics/Faces/merusiel_fc1","0","Graphics/Battlers/50_merusiel_st01","","","梅尔希艾尔","梅尔希艾尔"
"670","セバスイール","10","1/10（10.00%）","488","セバスイール","Graphics/Faces/sebasiel_fc1","0","Graphics/Battlers/50_sebasiel_st01","","","塞巴西艾尔","塞巴西艾尔"
"676","ホルミエル","10","1/10（10.00%）","489","ホルミエル","Graphics/Faces/holmiel_fc1","0","Graphics/Battlers/50_holmiel_st01","Graphics/Pictures/ct_holmiel1","Graphics/Pictures/ct_holmiel1","霍尔米艾尔","霍尔米艾尔"
"677","アプティエル","10","1/10（10.00%）","490","アプティエル","Graphics/Faces/aptiel_fc1","0","Graphics/Battlers/50_aptiel_st01","","","阿普蒂艾尔","阿普蒂艾尔"
"678","クリオネラ","10","1/10（10.00%）","491","クリオネラ","Graphics/Faces/clionera_fc1","0","Graphics/Battlers/50_clionera_st01","","Graphics/Pictures/ct_clionera1","海天使","海天使"
"679","ロズニエル","10","1/10（10.00%）","492","ロズニエル","Graphics/Faces/roseniel_fc1","0","Graphics/Battlers/50_roseniel_st11","","","罗兹尼艾尔","罗兹尼艾尔"
"680","キュビエル","10","1/10（10.00%）","493","キュビエル","Graphics/Faces/cubiel_fc1","0","Graphics/Battlers/50_cubiel_st01","","","丘比艾尔","丘比艾尔"
"681","ワミエル","10","1/10（10.00%）","494","ワミエル","Graphics/Faces/wormiel_fc1","0","Graphics/Battlers/80_wormiel_st01","","Graphics/Pictures/ct_syokusyu1；Graphics/Pictures/ct_syokusyu2；Graphics/Pictures/ct_hiru3；Graphics/Pictures/ct_hiru1；Graphics/Pictures/ct_hiru4","瓦米艾尔","瓦米艾尔"
"691","フェンリル","4","1/4（25.00%）","606","レラ","Graphics/Faces/fenrir_fc1","0","Graphics/Battlers/50_fenrir_st01","","","芬里尔","蕾拉"
"692","ガルキマセラ","6","1/6（16.67%）","607","ユージィー","Graphics/Faces/garukimasera_fc1","0","Graphics/Battlers/50_garukimasera_st01","","","月笛恶魔","尤吉"
"693","グレートオーク","6","1/6（16.67%）","608","グレッタ","Graphics/Faces/greatorc_fc1","0","Graphics/Battlers/50_greatorc_st01","","","巨兽人","格蕾塔"
"694","ランキュバス","6","1/6（16.67%）","609","リージュ","Graphics/Faces/ranccubus_fc1","0","Graphics/Battlers/50_ranccubus_st01","Graphics/Pictures/ct_ranccubus1","Graphics/Pictures/ct_ranccubus1","枪兵魅魔","莉茱"
"695","リーキュバス","6","1/6（16.67%）","610","ミラノ","Graphics/Faces/leeccubus_fc1","0","Graphics/Battlers/50_leeccubus_st01","Graphics/Pictures/ct_leeccubus1","Graphics/Pictures/ct_leeccubus1","贪吸魅魔","米拉娜"
"697","バフォメット","8","1/8（12.50%）","612","バフォム","Graphics/Faces/baphomet_fc1","0","Graphics/Battlers/50_baphomet_st01","","","巴风特","巴风姆"
"698","くだん","8","1/8（12.50%）","613","くだん","Graphics/Faces/kudan_fc1","0","Graphics/Battlers/50_kudan_st01","","","件","件"
"699","ヴェルラウネ","6","1/6（16.67%）","614","ヴェルベラ","Graphics/Faces/vellraune_fc1","0","Graphics/Battlers/50_vellraune_st01","Graphics/Pictures/ct_tuta2","Graphics/Pictures/ct_tuta1；Graphics/Pictures/ct_tuta2；Graphics/Pictures/ct_utubo2；Graphics/Pictures/ct_haetori2","丝绒娜温","维尔贝拉"
"700","ネペンデス","6","1/6（16.67%）","615","スミレ","Graphics/Faces/nependeath_fc1","1","Graphics/Battlers/50_nependeath_st01","Graphics/Pictures/ct_tuta2；Graphics/Pictures/ct_utubo2；Graphics/Pictures/ct_haetori2","Graphics/Pictures/ct_tuta1；Graphics/Pictures/ct_tuta2；Graphics/Pictures/ct_utubo2；Graphics/Pictures/ct_haetori2","食人花","堇"
"701","薔薇貴族","8","1/8（12.50%）","616","ローザ","Graphics/Faces/barakizoku_fc1","0","Graphics/Battlers/50_barakizoku_st01","","Graphics/Pictures/ct_tuta1；Graphics/Pictures/ct_tuta2；Graphics/Pictures/ct_utubo2；Graphics/Pictures/ct_haetori2","蔷薇贵族","罗萨"
"706","ボムスライム","6","1/6（16.67%）","617","ボムボム","Graphics/Faces/bombslime_fc1","0","Graphics/Battlers/50_bombslime_st01","Graphics/Pictures/ct_bombslime1","Graphics/Pictures/ct_bombslime1","炸弹史莱姆","嘣嘣"
"707","リキュルスライム","6","1/6（16.67%）","618","リキュルン","Graphics/Faces/liqurslime_fc1","0","Graphics/Battlers/50_liqurslime_st01","Graphics/Pictures/ct_liqurslime1","Graphics/Pictures/ct_liqurslime1","利口酒史莱姆","利口伦"
"708","スライムプリンセス","8","1/8（12.50%）","619","プリン","Graphics/Faces/slimeprin_fc1","0","Graphics/Battlers/50_slimeprin_st01","Graphics/Pictures/ct_slimeprin1","Graphics/Pictures/ct_slimeprin1","史莱姆公主","布丁"
"709","アスラ","8","1/8（12.50%）","620","アスラ","Graphics/Faces/asura_fc1","0","Graphics/Battlers/50_asura_st01","Graphics/Pictures/ct_asura1","Graphics/Pictures/ct_asura1","阿修罗","阿修罗"
"710","ギガスライム","8","1/8（12.50%）","621","マキス","Graphics/Faces/gigaslime_fc1","2","Graphics/Battlers/80_gigaslime_st01","","","千兆史莱姆","马基斯"
"713","ラミアンナイトメア","8","1/8（12.50%）","622","レオノーラ","Graphics/Faces/lamia_n_fc1","0","Graphics/Battlers/80_lamia_n_st01","","","梦魇拉米亚","莱奥诺拉"
"714","ロードメデューサ","8","1/8（12.50%）","623","クローラント","Graphics/Faces/l_medusa_fc1","0","Graphics/Battlers/80_l_medusa_st01","","","美杜莎领主","克罗兰"
"715","パンドラ","10","1/10（10.00%）","624","パンドラ","Graphics/Faces/pandora_fc1","0","Graphics/Battlers/80_pandora_st01","","","潘多拉","潘多拉"
"718","ウツボ娘","4","1/4（25.00%）","625","ニョロ","Graphics/Faces/utubom_fc1","0","Graphics/Battlers/50_utubom_st01","Graphics/Pictures/ct_utubom1","Graphics/Pictures/ct_utubom1","海鳝娘","扭扭"
"719","アンシェントスキュラ","8","1/8（12.50%）","626","アンモナ","Graphics/Faces/ancientscylla_fc1","0","Graphics/Battlers/80_ancientscylla_st01","","","古代斯库拉","阿蒙娜"
"724","三口あかなめ","6","1/6（16.67%）","627","さより","Graphics/Faces/s_akaname_fc1","0","Graphics/Battlers/80_s_akaname_st01","","","三口垢舐鬼","纱世里"
"725","猫神","6","1/6（16.67%）","628","ヒメ","Graphics/Faces/nekogami_fc1","0","Graphics/Battlers/50_nekogami_st01","","","猫神","姬"
"726","銀鬼","6","1/6（16.67%）","629","ウメ","Graphics/Faces/kizin_fc1","0","Graphics/Battlers/50_kizin_st01","","","银鬼","梅"
"727","陰陽蠍","6","1/6（16.67%）","630","エミシ","Graphics/Faces/onmyosasori_fc1","1","Graphics/Battlers/50_onmyosasori_st01","","","阴阳蝎","艾米希"
"729","ケット・シー","8","1/8（12.50%）","631","ケット・シー","Graphics/Faces/caitsith_fc1","0","Graphics/Battlers/50_caitsith_st01","Graphics/Pictures/ct_caitsith1","Graphics/Pictures/ct_caitsith1","凯西猫","凯西猫"
"730","ガルフォックス","8","1/8（12.50%）","632","フォキシー","Graphics/Faces/galfox_fc1","0","Graphics/Battlers/80_galfox_st01","","","伽利狐","芙克斯"
"732","ジュラエイビス","8","1/8（12.50%）","633","ジュラ","Graphics/Faces/juraabis_fc1","0","Graphics/Battlers/50_juraabis_st01","","","侏罗龙鸟","侏罗"
"733","マルコシアス娘","8","1/8（12.50%）","634","ヴィオラ","Graphics/Faces/marchosias_fc1","0","Graphics/Battlers/50_marchosias_st01","","","马可西亚斯娘","维奥拉"
"736","ローキュバス","6","1/6（16.67%）","635","ロビリッチ","Graphics/Faces/loccubus_fc1","0","Graphics/Battlers/50_loccubus_st01","","Graphics/Pictures/ct_loccubus1","领主魅魔","萝比里奇"
"737","テスタロッサ","8","1/8（12.50%）","636","ロッサ","Graphics/Faces/testarossa_fc1","0","Graphics/Battlers/50_testarossa_st01","Graphics/Pictures/ct_testarossa1","Graphics/Pictures/ct_testarossa1","特斯塔罗飒","罗飒"
"738","上級海賊マーメイド","6","1/6（16.67%）","637","マミ","Graphics/Faces/ek_mermaid_fc1","0","Graphics/Battlers/50_ek_mermaid_st01","","","高级海贼人鱼","麻美"
"739","グレイトマーマン","8","1/8（12.50%）","638","セドナ","Graphics/Faces/greatmarman_fc1","0","Graphics/Battlers/50_greatmarman_st01","","","巨型人鱼","赛德娜"
"742","ギガドライアド","10","1/10（10.00%）","639","エレグランテ","Graphics/Faces/gigadryad_fc1","0","Graphics/Battlers/80_gigadryad_st01","","Graphics/Pictures/ct_tuta1；Graphics/Pictures/ct_tuta2；Graphics/Pictures/ct_utubo2；Graphics/Pictures/ct_haetori2","千兆树精","伊蕾格兰特"
"745","アルキュバス","6","1/6（16.67%）","640","アルキュール","Graphics/Faces/arucubuss_fc1","0","Graphics/Battlers/50_arucubuss_st01","Graphics/Pictures/ct_arucubuss1","Graphics/Pictures/ct_arucubuss1","炼金魅魔","阿尔库尔"
"746","レスキュバス","6","1/6（16.67%）","641","ヴェイユ","Graphics/Faces/lesscubuss_fc1","0","Graphics/Battlers/50_lesscubuss_st01","Graphics/Pictures/ct_lessccubus1","Graphics/Pictures/ct_lessccubus1","丝带魅魔","韦伊"
"747","グラナバス","8","1/8（12.50%）","642","グレイヌ","Graphics/Faces/granabass_fc1","0","Graphics/Battlers/50_granabass_st01","","","熟女魅魔","格蕾娜"
"753","ハーゲンベック","8","1/8（12.50%）","643","ハーゲンベック","Graphics/Faces/hargenbeck_fc3","0","Graphics/Battlers/50_hargenbeck_st21","","","哈根贝克","哈根贝克"
"755","サンタマリア","8","1/8（12.50%）","644","サンタマリア","Graphics/Faces/santamaria_fc3","0","Graphics/Battlers/50_santamaria_st11","","Graphics/Pictures/ct_santamaria1","圣玛利亚","圣玛利亚"
"757","切り裂きエリス","6","1/6（16.67%）","645","エリス","Graphics/Faces/elis_fc1","0","Graphics/Battlers/50_elis_st01","Graphics/Pictures/ct_syoukan_k01","Graphics/Pictures/ct_syoukan_k01","开膛手厄里斯","厄里斯"
"759","シャウトマータ","6","1/6（16.67%）","646","シャウト","Graphics/Faces/shoutmata_fc1","0","Graphics/Battlers/50_shoutmata_st01","Graphics/Pictures/ct_syoukan_k04","Graphics/Pictures/ct_syoukan_k04","咆哮人偶","肖特"
"760","ジャイアントセーラ","10","1/10（10.00%）","647","ジャイアントセーラ","Graphics/Faces/giantsarah_fc1","0","Graphics/Battlers/80_giantsarah_st01","Graphics/Pictures/ct_giantsarah1","Graphics/Pictures/ct_giantsarah1","巨人莎拉","巨人莎拉"
"762","パイズリ人形Mk.II","8","1/8（12.50%）","648","ズリン","Graphics/Faces/paizuridoll2_fc1","0","Graphics/Battlers/50_paizuridoll2_st01","","Graphics/Pictures/ct_paizuridoll2_1","パイズリ人形Mk.II","阿交"
"763","ラブマータ","8","1/8（12.50%）","649","ラブ","Graphics/Faces/lovemata_fc1","0","Graphics/Battlers/50_lovemata_st01","Graphics/Pictures/ct_syoukan_k05","Graphics/Pictures/ct_syoukan_k05","爱情人偶","爱"
"765","ブラヴァツキー","8","1/8（12.50%）","650","ブラヴァツキー","Graphics/Faces/blavatsky_fc1","0","Graphics/Battlers/50_blavatsky_st01","Graphics/Pictures/ct_blavatsky1","Graphics/Pictures/ct_blavatsky1","布拉瓦茨基","布拉瓦茨基"
"767","決戦人型兵器アグニ","10","1/10（10.00%）","651","アグニ","Graphics/Faces/aguni_fc1","0","Graphics/Battlers/80_aguni_st01","","Graphics/Pictures/ct_syoukan_k08","决战人型兵器阿耆尼","阿耆尼"
"768","快楽人形・雅姫","10","1/10（10.00%）","652","雅姫","Graphics/Faces/miyabihime_fc1","0","Graphics/Battlers/80_miyabihime_st01","Graphics/Pictures/ct_syoukan_k09","Graphics/Pictures/ct_syoukan_k09","快乐人偶・雅姬","雅姬"
"773","ナンキュバス","4","1/4（25.00%）","653","マヒナ","Graphics/Faces/nanccubus_fc1","0","Graphics/Battlers/50_nanccubus_st01","","","玉女魅魔","玛希娜"
"774","パビルサグ","6","1/6（16.67%）","654","スカルナ","Graphics/Faces/pabilsag_fc1","0","Graphics/Battlers/50_pabilsag_st01","","","帕皮尔萨格","斯卡鲁娜"
"775","マンイーター","8","1/8（12.50%）","655","ノン","Graphics/Faces/maneater_fc1","0","Graphics/Battlers/50_maneater_st01","Graphics/Pictures/ct_hiru1","Graphics/Pictures/ct_syokusyu1；Graphics/Pictures/ct_syokusyu2；Graphics/Pictures/ct_hiru3；Graphics/Pictures/ct_hiru1；Graphics/Pictures/ct_hiru4","食人者","诺恩"
"776","古代竜","10","1/10（10.00%）","656","シェンホー","Graphics/Faces/kodairyu_fc1","0","Graphics/Battlers/50_kodairyu_st01","","","古代龙","仙贺"
"782","ハイバフォメット","6","1/6（16.67%）","659","サバト","Graphics/Faces/high_baphomet_fc1","0","Graphics/Battlers/50_high_baphomet_st01","Graphics/Pictures/ct_high_baphomet1","Graphics/Pictures/ct_high_baphomet1","高阶巴风特","萨巴特"
"783","ローグエルフ","6","1/6（16.67%）","660","ミサミサ","Graphics/Faces/rogueelf_fc1","0","Graphics/Battlers/50_rogueelf_st01","","","叛逆精灵","米萨米萨"
"807","ガーゴイル娘","8","1/8（12.50%）","661","ガーゴー","Graphics/Faces/gargoyle_fc1","0","Graphics/Battlers/50_gargoyle_st01","","","石像鬼娘","伽格"
"808","アテナ","8","1/8（12.50%）","662","アテナ","Graphics/Faces/athena_fc1","0","Graphics/Battlers/50_athena_st01","Graphics/Pictures/ct_athena1","Graphics/Pictures/ct_athena1","雅典娜","雅典娜"
"812","阿吽","8","1/8（12.50%）","663","阿吽","Graphics/Faces/aun_fc1","0","Graphics/Battlers/80_aun_st01","","","阿吽","阿吽"
"813","ドラゴンヘッド","8","1/8（12.50%）","664","デアフリーゼ","Graphics/Faces/dragonhead_fc1","0","Graphics/Battlers/80_dragonhead_st01","","","龙首","德尔芙莉泽"
"814","モンストロ","10","1/10（10.00%）","665","トロ","Graphics/Faces/monstruo_fc1","1","Graphics/Battlers/80_monstruo_st01","Graphics/Pictures/ct_monstruo1","Graphics/Pictures/ct_monstruo1","巨鲸","特罗"
"815","シヴァ","8","1/8（12.50%）","666","シヴァ","Graphics/Faces/siva_fc1","0","Graphics/Battlers/50_siva_st01","Graphics/Pictures/ct_siva1","Graphics/Pictures/ct_siva1","湿婆","湿婆"
"817","ネプチューン","10","1/10（10.00%）","667","トリトン","Graphics/Faces/neptune_fc1","0","Graphics/Battlers/80_neptune_st01","","","尼普顿","特里同"
"818","タオ","10","1/10（10.00%）","668","タオ","Graphics/Faces/tao_fc1","0","Graphics/Battlers/80_tao_st01","","","道","道"
"819","モルボル娘","10","1/10（10.00%）","669","モルボ","Graphics/Faces/moruboru_fc1","0","Graphics/Battlers/80_moruboru_st01","Graphics/Pictures/ct_moruboru1","Graphics/Pictures/ct_tuta1；Graphics/Pictures/ct_tuta2；Graphics/Pictures/ct_utubo2；Graphics/Pictures/ct_haetori2；Graphics/Pictures/ct_moruboru1","魔界花娘","毛尔波"
"820","アルケオプテリクス","10","1/10（10.00%）","670","ガリア","Graphics/Faces/a_pterix_fc1","0","Graphics/Battlers/80_a_pterix_st01","","","阿尔凯奥普泰里克斯","加利亚"
"821","アスモデウス","10","1/10（10.00%）","671","アデウス","Graphics/Faces/asmodeus_fc1","0","Graphics/Battlers/80_asmodeus_st01","","","阿斯莫德","阿蒂斯"
"822","ヨルムンガンド","10","1/10（10.00%）","672","ヨルム","Graphics/Faces/jormungand_fc1","0","Graphics/Battlers/80_jormungand_st01","","","耶梦加得","耶梦"
"828","前鬼","6","1/6（16.67%）","432","前鬼","Graphics/Faces/zenki_fc1","0","Graphics/Battlers/50_zenki_st01","","","前鬼","前鬼"
"829","後鬼","6","1/6（16.67%）","433","後鬼","Graphics/Faces/kouki_fc1","0","Graphics/Battlers/50_kouki_st01","","","后鬼","后鬼"
"832","失墜の玉座","6","1/6（16.67%）","848","スローネ","Graphics/Faces/s_gyokuza_fc1","0","Graphics/Battlers/50_s_gyokuza_st01","","","失落王座","斯洛妮"
"833","ダブルアンデッド","6","1/6（16.67%）","849","ダブリン","Graphics/Faces/doubleundead_fc1","0","Graphics/Battlers/50_doubleundead_st01","","","双生不死族","都柏林"
"834","イズン","10","1/10（10.00%）","850","イズン","Graphics/Faces/izun_fc1","0","Graphics/Battlers/50_izun_st01","","Graphics/Pictures/ct_syokusyu1；Graphics/Pictures/ct_syokusyu2；Graphics/Pictures/ct_hiru3；Graphics/Pictures/ct_hiru1","伊敦","伊敦"
"835","カースエンジェルズ","10","1/10（10.00%）","851","カースエンジェルズ","Graphics/Faces/carthangels_fc1","3","Graphics/Battlers/50_carthangels_st01","","Graphics/Pictures/ct_carthangels1","诅咒天使","诅咒天使"
"838","アルジェミニ","10","1/10（10.00%）","852","アルジェミニ","Graphics/Faces/algemini_fc1","0","Graphics/Battlers/50_algemini_st01","","","阿尔杰米妮","阿尔杰米妮"
"839","エルジェミニ","10","1/10（10.00%）","853","エルジェミニ","Graphics/Faces/elgemini_fc1","0","Graphics/Battlers/50_elgemini_st01","","","艾尔杰米妮","艾尔杰米妮"
"843","シェムハザ","10","1/10（10.00%）","854","シェムハザ","Graphics/Faces/shemhaza_fc1","0","Graphics/Battlers/50_shemhaza_st01","","","示米哈扎","示米哈扎"
"844","アグレイブ","10","1/10（10.00%）","855","アグレイブ","Graphics/Faces/agrave_fc1","0","Graphics/Battlers/80_agrave_st01","","","阿格雷夫","阿格雷夫"
"848","スターマ","10","1/10（10.00%）","856","スターマ","Graphics/Faces/starma_fc1","0","Graphics/Battlers/50_starma_st01","","","斯塔玛","斯塔玛"
"849","ラジャーラ","10","1/10（10.00%）","857","ラジャーラ","Graphics/Faces/rajara_fc1","0","Graphics/Battlers/50_rajara_st01","","","拉贾拉","拉贾拉"
"851","メギドリアード","10","1/10（10.00%）","858","メギー","Graphics/Faces/megidryad_fc1","0","Graphics/Battlers/50_megidryad_st01","","Graphics/Pictures/ct_tuta1；Graphics/Pictures/ct_tuta2；Graphics/Pictures/ct_utubo2；Graphics/Pictures/ct_haetori2","米吉多树精","米婕"
"852","エグセラ","10","1/10（10.00%）","859","エグセラ","Graphics/Faces/exsera_fc1","0","Graphics/Battlers/50_exsera_st01","Graphics/Pictures/ct_exsera1","Graphics/Pictures/ct_exsera1","艾克撒拉","艾克撒拉"
"853","アプサラス","10","1/10（10.00%）","860","アプサラス","Graphics/Faces/apsaras_fc1","0","Graphics/Battlers/50_apsaras_st01","","","阿普萨拉丝","阿普萨拉丝"
"862","ゾルオクト","10","1/10（10.00%）","861","ゾルオクト","Graphics/Faces/zoloct_fc1","0","Graphics/Battlers/80_zoloct_st01","","","佐尔奥克托","佐尔奥克托"
"863","ティアマト","20","1/20（5.00%）","862","ティアマト","Graphics/Faces/tiamat_fc1","0","Graphics/Battlers/80_tiamat_st01","","","提亚玛特","提亚玛特"
"871","アプティルト","10","1/10（10.00%）","863","アプティルト","Graphics/Faces/aptiel_fc1","1","Graphics/Battlers/50_aptiel_st11","","","阿普蒂尔特","阿普蒂尔特"
"872","アムナリオ","20","1/20（5.00%）","864","アムナリオ","Graphics/Faces/amnario_fc1","0","Graphics/Battlers/80_amnario_st01","","","阿姆纳里奥","阿姆纳里奥"
"873","サマエル","10","1/10（10.00%）","865","サマエル","Graphics/Faces/samael_fc1","0","Graphics/Battlers/80_samael_st01","","","萨麦尔","萨麦尔"
"874","シャドウアサシン","10","1/10（10.00%）","866","シャドウ","Graphics/Faces/shadowassassin_fc1","0","Graphics/Battlers/50_shadowassassin_st01","","","影之刺客","暗影"
"875","正体不明","10","1/10（10.00%）","867","アナト","Graphics/Faces/unknown1_fc1","0","Graphics/Battlers/50_unknown1_st01","","","身份不明","阿娜特"
"876","正体不明","10","1/10（10.00%）","868","ベレニケ","Graphics/Faces/unknown2_fc1","0","Graphics/Battlers/50_unknown2_st01","","","身份不明","贝勒尼基"
"877","正体不明","10","1/10（10.00%）","869","ケレス","Graphics/Faces/unknown3_fc1","0","Graphics/Battlers/50_unknown3_st01","","","身份不明","克瑞斯"
"878","正体不明","10","1/10（10.00%）","870","ドゥルガー","Graphics/Faces/unknown4_fc1","0","Graphics/Battlers/50_unknown4_st01","Graphics/Pictures/ct_tuta2","Graphics/Pictures/ct_tuta1；Graphics/Pictures/ct_tuta2；Graphics/Pictures/ct_utubo2；Graphics/Pictures/ct_haetori2","身份不明","杜尔迦"
"879","正体不明","10","1/10（10.00%）","871","ロジェスティラ","Graphics/Faces/unknown5_fc1","0","Graphics/Battlers/80_unknown5_st01","","","身份不明","洛姬斯蒂拉"
"881","バンシィ","10","1/10（10.00%）","872","テティス","Graphics/Faces/curseloreley_fc1","0","Graphics/Battlers/50_curseloreley_st01","Graphics/Pictures/ct_curseloreley1","Graphics/Pictures/ct_curseloreley1","报丧女妖","忒提丝"
"882","ボアバンシィ","10","1/10（10.00%）","873","ネレイデス","Graphics/Faces/voremermaid_fc1","0","Graphics/Battlers/50_voremermaid_st01","Graphics/Pictures/ct_voremermaid1","Graphics/Pictures/ct_voremermaid1","嗜吞报丧女妖","涅瑞伊德斯"
"884","パズズ","10","1/10（10.00%）","874","パズズ","Graphics/Faces/pazuzu_fc1","0","Graphics/Battlers/50_pazuzu_st01","Graphics/Pictures/ct_pazuzu1","Graphics/Pictures/ct_pazuzu1","帕祖祖","帕祖祖"
"885","マステマ","10","1/10（10.00%）","875","マステマ","Graphics/Faces/masutema_fc1","0","Graphics/Battlers/50_masutema_st01","Graphics/Pictures/ct_masutema1","Graphics/Pictures/ct_masutema1；Graphics/Pictures/ct_tuta1；Graphics/Pictures/ct_tuta2；Graphics/Pictures/ct_utubo2；Graphics/Pictures/ct_haetori2","莫斯提马","莫斯提马"
"888","アメノハヅチ","10","1/10（10.00%）","876","アメノハヅチ","Graphics/Faces/amenohaduti_fc1","0","Graphics/Battlers/80_amenohaduti_st01","","","天羽槌","天羽槌"
"889","八尺様","10","1/10（10.00%）","877","八尺様","Graphics/Faces/hasyakusama_fc1","0","Graphics/Battlers/50_hasyakusama_st01","Graphics/Pictures/ct_hasyakusama1","Graphics/Pictures/ct_hasyakusama1；Graphics/Pictures/ct_tuta1；Graphics/Pictures/ct_tuta2；Graphics/Pictures/ct_utubo2；Graphics/Pictures/ct_haetori2","八尺大人","八尺大人"
"907","ゲシュタルト","10","1/10（10.00%）","878","ゲシュタルト","Graphics/Faces/gestalt_fc1","0","Graphics/Battlers/50_gestalt_st01","","","格式塔","格式塔"
"908","ハイブマインド","10","1/10（10.00%）","879","ハイブマインド","Graphics/Faces/hivemind_fc1","1","Graphics/Battlers/50_hivemind_st01","","","蜂巢思维","蜂巢思维"
"913","マダムラミア","10","1/10（10.00%）","880","ミルフ","Graphics/Faces/madamlamia_fc1","0","Graphics/Battlers/50_madamlamia_st01","","","拉米亚夫人","米露芙"
"922","サタナキア","10","1/10（10.00%）","881","サタナキア","Graphics/Faces/satanachia_fc1","0","Graphics/Battlers/50_satanachia_st01","","","萨塔妮基亚","萨塔妮基亚"
"923","ブラッディドラゴン","20","1/20（5.00%）","882","ブラディ","Graphics/Faces/bloddydragon_fc1","0","Graphics/Battlers/80_bloddydragon_st01","","","血龙","布拉迪"
"928","パイズリ人形終異体","10","1/10（10.00%）","883","パズン","Graphics/Faces/paizuridoll3_fc1","0","Graphics/Battlers/50_paizuridoll3_st01","","Graphics/Pictures/ct_paizuridoll3_1","乳交人偶终异体","派兹"
"929","アイアンメイデン終異体","10","1/10（10.00%）","884","エヴォル","Graphics/Faces/ironmaiden_s_fc1","0","Graphics/Battlers/50_ironmaiden_s_st01","","","铁处女终异体","埃沃珥"
"930","呪いの人形終異体","10","1/10（10.00%）","885","いおり","Graphics/Faces/doll_itai_fc1","0","Graphics/Battlers/80_doll_itai_st01","Graphics/Pictures/ct_doll_itai1","Graphics/Pictures/ct_doll_itai1","诅咒人偶终异体","伊织"
"932","マグダ","10","1/10（10.00%）","886","マグダ","Graphics/Faces/magda_fc1","0","Graphics/Battlers/50_magda_st01","","Graphics/Pictures/ct_magda1","玛格达","玛格达"
"933","シスエル","20","1/20（5.00%）","887","シスエル","Graphics/Faces/sisel_fc1","0","Graphics/Battlers/80_sisel_st01","","","希斯艾尔","希斯艾尔"
"934","アザゼル","10","1/10（10.00%）","888","アザゼル","Graphics/Faces/azazel_fc1","0","Graphics/Battlers/50_azazel_st01","","","阿撒兹勒","阿撒兹勒"
"935","グリゴリ","10","1/10（10.00%）","889","グリゴリ","Graphics/Faces/grigori_fc1","0","Graphics/Battlers/50_grigori_st01","","","守望者","守望者"
"944","奉仕種族","10","1/10（10.00%）","892","ディーピー","Graphics/Faces/houshi_fc1","0","Graphics/Battlers/50_houshi_st01","Graphics/Pictures/ct_houshi1","Graphics/Pictures/ct_houshi1","仆从种族","渊嗣"
"945","落とし子","20","1/20（5.00%）","893","クトゥ","Graphics/Faces/spawn_fc1","0","Graphics/Battlers/50_spawn_st01","Graphics/Pictures/ct_spawn1","Graphics/Pictures/ct_spawn1","眷族","克图"
"947","触手の眷属","10","1/10（10.00%）","894","ワーミィ","Graphics/Faces/zigen_kenzoku_fc1","0","Graphics/Battlers/50_zigen_kenzoku_st01","Graphics/Pictures/ct_zigen_kenzoku1","Graphics/Pictures/ct_zigen_kenzoku1","触手眷属","蠕米"
"948","粘膜の眷属","10","1/10（10.00%）","895","プラーナ","Graphics/Faces/zigen_kenzoku2_fc1","0","Graphics/Battlers/50_zigen_kenzoku2_st01","","","粘膜眷属","涡虫"
"949","アウタージェリー","20","1/20（5.00%）","896","アンドロメダ","Graphics/Faces/outerjelly_fc1","0","Graphics/Battlers/80_outerjelly_st01","","Graphics/Pictures/ct_outerjelly1","域外水母","安德洛墨达"
"950","アウターワーム","20","1/20（5.00%）","897","ディアマンティナ","Graphics/Faces/outerworm_fc1","0","Graphics/Battlers/80_outerworm_st01","Graphics/Pictures/ct_outerworm1","Graphics/Pictures/ct_outerworm1","域外蠕虫","迪亚曼蒂娜"
"956","ヌルの眷属","10","1/10（10.00%）","898","ヌルアオ","Graphics/Faces/null_kenzoku_fc1","0","Graphics/Battlers/50_null_kenzoku_st01","","","黏黏的眷属","黏黏青"
"957","ヌルの眷属","10","1/10（10.00%）","899","ヌルアカ","Graphics/Faces/null_kenzoku_fc1","1","Graphics/Battlers/50_null_kenzoku_st02","","","黏黏的眷属","黏黏红"
"958","ヌルの眷属","10","1/10（10.00%）","900","ヌルキ","Graphics/Faces/null_kenzoku_fc1","2","Graphics/Battlers/50_null_kenzoku_st03","","","黏黏的眷属","黏黏黄"
"959","TT","10","1/10（10.00%）","901","TT","Graphics/Faces/TT_fc1","0","Graphics/Battlers/50_TT_st01","Graphics/Pictures/ct_tt1","Graphics/Pictures/ct_tt1","TT","TT"
"960","QQ","20","1/20（5.00%）","902","QQ","Graphics/Faces/QQ_fc1","0","Graphics/Battlers/80_QQ_st01","Graphics/Pictures/ct_qq1","Graphics/Pictures/ct_qq1","QQ","QQ"
"962","グラン・アラーニェ","10","1/10（10.00%）","903","グラーニェ","Graphics/Faces/gran_arachne_fc1","0","Graphics/Battlers/50_gran_arachne_st01","","","巨型阿拉涅","格拉涅"
"973","インドラ","10","1/10（10.00%）","905","インドラ","Graphics/Faces/indora_fc1","0","Graphics/Battlers/50_indora_st01","","","因陀罗","因陀罗"
"974","トンベリ娘","20","1/20（5.00%）","904","トゥーン","Graphics/Faces/tonberi_fc1","0","Graphics/Battlers/80_tonberi_st01","","Graphics/Pictures/ct_tonberi1","冬贝利娘","冬恩"
"976","アバドン","20","1/20（5.00%）","906","アバドン","Graphics/Faces/abaddon_fc1","0","Graphics/Battlers/80_abaddon_st01","","","亚巴顿","亚巴顿"
"977","エクスキュウビ","20","1/20（5.00%）","907","ナイン","Graphics/Faces/exkyubi_fc1","0","Graphics/Battlers/80_exkyubi_st01","","","极・九尾","玖"
"978","ドーラドーラ","20","1/20（5.00%）","908","ドーラドーラ","Graphics/Faces/dolladolla_fc1","0","Graphics/Battlers/50_dolladolla_st01","Graphics/Pictures/ct_dolladolla1","Graphics/Pictures/ct_dolladolla1","朵拉朵拉","朵拉朵拉"
"979","ベルゼバブ終異体","20","1/20（5.00%）","909","瑠渦","Graphics/Faces/beelzebub_s_fc1","0","Graphics/Battlers/50_beelzebub_s_st01","","","别西卜终异体","瑠渦"
"980","メルカヴァ","20","1/20（5.00%）","910","メルカヴァ","Graphics/Faces/merkava_fc1","0","Graphics/Battlers/80_merkava_st01","","","灵轮","灵轮"
"981","フレール","20","1/20（5.00%）","911","フレール","Graphics/Faces/ozum_fc1","0","Graphics/Battlers/50_ozum_st01","Graphics/Pictures/ct_ozum1","Graphics/Pictures/ct_ozum1","弗莱尔","弗莱尔"
"982","アガリアレプト","20","1/20（5.00%）","912","アガリアレプト","Graphics/Faces/agaliarept_fc1","0","Graphics/Battlers/80_agaliarept_st01b","Graphics/Pictures/ct_agaliarept1","Graphics/Pictures/ct_agaliarept1","阿加利亚雷普特","阿加利亚雷普特"
"983","ゲイザー","20","1/20（5.00%）","913","ゲイズ","Graphics/Faces/gazer_fc1","0","Graphics/Battlers/50_gazer_st01","","","凝视者","盖兹"
"984","ベリアル","20","1/20（5.00%）","914","ベリアル","Graphics/Faces/berial_fc1","1","Graphics/Battlers/80_berial_st01","","Graphics/Pictures/ct_berial1","贝利亚尔","贝利亚尔"
