ID,名称,中文名称
1,ダガー,匕首
2,ダガー改,匕首改
3,アイアンナイフ,铁制小刀
4,毒のナイフ,毒之小刀
5,ゴールドナイフ,金制小刀
6,洗礼のナイフ,洗礼小刀
7,洗礼のナイフ改,洗礼小刀改
8,メイジマッシャー,法师杀手
9,テンプマッシャー,诱惑杀手
10,マインゴーシュ,格挡匕首
11,グラディウス,宽刃短剑
12,ミスリルナイフ,秘银制小刀
13,マインゴーシュ・エア,格挡匕首・风
14,ミセリコルデ,怜悯之刃
15,ゾーリンシェイプ,佐林小刀
16,ミセリコルデ・スパイク,怜悯之刃・棘刺
17,クリスタルナイフ,水晶制小刀
18,ゾーリンシェイプ・アース,佐林小刀・土
19,ゾーリンシェイプ・アクア,佐林小刀・水
20,ウィンドナイフ,风之小刀
21,竜鱗のナイフ,龙鳞制小刀
22,ケミカルマイン,化学格挡匕首
23,アサシンダガー,刺客匕首
24,オリハルコンナイフ,奥利哈钢制小刀
25,オリハルコンレッド,奥利哈钢红
26,プリズムナイフ,棱镜小刀
27,プリズムナイフ・アクア,棱镜小刀・水
28,テンプゴーシュ,诱惑格挡匕首
29,カーリーダガー,卷曲匕首
30,アサシンレイジ,刺客狂怒
31,フレイダガー,弗雷匕首
32,フレイヤダガー,芙蕾雅匕首
33,流星のナイフ,流星制小刀
34,ホーリーテンプ,神圣诱惑
35,ダークアサシン,暗影刺客
36,慈悲のナイフ,慈悲之小刀
37,スネークウィンド,蛇风
38,トリックスターナイフ,诡计之星小刀
39,ドルムカーリー,多尔姆卡里
40,ドラゴンウィンド,龙卷风
41,電磁ブレード,电磁刀
42,裁きのナイフ,裁决之小刀
43,神々の誘惑,神明的诱惑
44,アサシンロード,刺客主宰
46,ひのきのぼう,桧木棒
47,カスタムソード,定制剑
48,ひのきのぼう改,桧木棒改
49,銅の剣,铜剑
50,ひのきのぼう改＋,桧木棒改＋
51,アイアンソード,铁剑
52,アイアンソード改,铁剑改
53,カスタムソード改,定制剑改
54,隼の剣,隼之剑
55,闇ひのきのぼう改＋,暗之桧木棒改＋
56,アイアンソード改＋,铁剑改＋
57,エレメントカスタム,元素定制剑
58,ファルシオン,弯刃大刀
59,誘惑の剣,诱惑之剑
60,淫らな誘惑の剣,淫荡的诱惑之剑
61,ミスリルソード,秘银剑
62,ホーリーカスタム,神圣定制剑
63,ミスリルソード・エア,秘银剑・风
64,ホーリーカスタム改,神圣定制剑改
65,ルーンブレード,符文之刃
66,ルーンブレード・アース,符文之刃・土
67,ルーンブレード・アクア,符文之刃・水
68,マジカルブレード,魔法之刃
69,エンハンスソード,强化剑
70,ジャスティスカスタム,正义定制剑
71,ドラゴンエンハンス,龙强化剑
72,フラクタルカスタム,分形定制剑
73,奇跡の剣,奇迹之剑
74,プリズムソード,棱镜剑
75,フラクタルナイトカスタム,分形骑士定制剑
76,プリズムソード・エア,棱镜剑・风
77,プリズムクラッド,棱镜覆层
78,ハイロウナイトカスタム,光环骑士定制剑
79,エンジェルエンハンス,天使强化剑
80,誘惑の魔剣,诱惑之魔剑
81,抗う者の剣,反抗者之剑
82,グラディエーター,剑斗士
83,聖剣ハィロウナイト,圣剑光环骑士
84,立ち向かう者の剣,对抗者之剑
85,グラディエーター・オズマ,剑斗士・奥兹玛
87,ゴールドソード,黄金剑
88,ゴールドソード改,黄金剑改
89,グレードソード,大剑
90,グレードソード改,大剑改
91,ディフェンダー,防御者
92,オックスディフェンダー,猛牛防御者
93,血塗られた騎士剣,血染的骑士剑
94,ドラゴンキラー,屠龙者
95,クリスタルソード,水晶剑
96,ドラゴンキラー改,屠龙者改
97,稲妻の剣,闪电之剑
98,吹雪の剣,暴雪之剑
99,竜鱗の剣,龙鳞制剑
100,紫電稲妻の剣,紫电雷鸣之剑
101,吹雪の剣・霙,吹雪之剑・霙
102,草薙の剣,草薙之剑
103,アロンダイト,阿隆戴特
104,デュランダル,杜兰达尔
105,アロンダイト・アーク,阿隆戴特・暗
106,オリハルコンの剣,奥利哈钢制剑
107,ペルセウスの剣,珀尔修斯之剑
108,ペルセウスの輝剣,珀尔修斯的辉剑
109,オリハルコンロード,奥利哈钢主宰
110,フロストロード,霜冻主宰
111,流星の剣,流星制之剑
112,ハインリヒの剣,海因里希之剑
113,ドラグネスディフェンダー,龙之力防御者
114,ドラゴンロード,龙之主宰
115,破壊の剣,破坏之剑
116,天軍の剣,天军之剑
117,奇跡の騎士剣,奇迹骑士剑
118,エクスカリバー,断钢剑
119,隼の騎士剣,隼骑士剑
120,吹雪稲妻剣,暴风雪闪电剑
121,ペルセウスの輝聖剣,珀尔修斯的光辉圣剑
122,アロンダイト・オズマ,阿隆戴特・奥兹玛
123,神翼・隼の剣,神翼・隼之剑
125,クレイモア,双刃大剑
126,クレイモア・アース,双刃大剑・土
127,クレイモア・アクア,双刃大剑・水
128,斬馬刀,斩马刀
129,斬馬刀・雷電,斩马刀・雷电
130,バスタードソード,混种剑
131,ドラゴンバスタード,龙混种剑
132,マキナバスタード,器械混种剑
133,バスタードマグナ,玛格纳混种剑
134,斬鉄剣,斩铁剑
135,斬鉄剣・魔星,斩铁剑・魔星
136,巨人剣タイタス,巨人剑泰坦
137,タイタスロード,泰坦主宰
138,タイタスドラグネス,泰坦龙剑
139,バスタードエンデ,最终混种剑
140,ゴッドスレイヤー,神杀剑
141,終式ゴッドスレイヤー,终式神杀剑
143,レイピア,细剑
144,レイピア改,细剑改
145,アイアンレイピア,铁制细剑
146,アイアンレイピア改,铁制细剑改
147,ゴールドレイピア,黄金细剑
148,アースレイピア,大地细剑
149,ラミアンレイピア,拉米亚细剑
150,神秘のレイピア,神秘细剑
151,ミスリルレイピア,秘银制细剑
152,デスレイピア,死亡细剑
153,ラミアンレイピアX,拉米亚细剑X
154,クリスタルレイピア,水晶制细剑
155,フローラルレイピア,花之细剑
156,闇のサーベル,暗之佩剑
157,竜鱗のレイピア,龙鳞制细剑
158,ケミカルレイピア,化学细剑
159,メデューサレイピア,美杜莎细剑
160,オリハルコンのレイピア,奥利哈钢制细剑
161,プリズムレイピア,棱镜细剑
162,プラズマレイピア,等离子细剑
163,プリズムレイピア・エア,棱镜细剑・风
164,ドラゴンハンター,猎龙者
165,フロストレイピア,霜冻细剑
166,流星のレイピア,流星制细剑
167,聖竜のレイピア,圣龙细剑
168,闇の千蛇,暗之千蛇
169,ライトニング,闪电
170,千蔦万華,千茑万华
171,サンフラワー,向日葵
172,ブラッディローズ,血腥蔷薇
173,ノーブルレイピア,贵族细剑
174,千鳥,千鸟
175,レッドサン,红太阳
177,魔導の剣,魔导之剑
178,トリニティソード,三位一体之剑
179,黒の剣,黑之剑
180,白の剣,白之剑
181,フォースソード,力量之剑
182,カラドボルグ,卡拉德波加
183,クラウ・ソラス,克拉乌・索拉斯
184,テュルフィング,提尔锋
185,エテメンアンキ,七曜塔
186,エルフォース,精灵之力
187,聖白の剣,圣白之剑
188,暗黒の剣,暗黑之剑
190,スピア,矛
191,スピア改,矛改
192,アイアンスピア,铁制矛
193,トライデント,三叉戟
194,ダークトライデント,暗黑三叉戟
195,ホーリートライデント,神圣三叉戟
196,ミスリルスピア,秘银矛
197,ミスリルスピア改,秘银矛改
198,ミスリルスピア・アース,秘银矛・土
199,ミスリルスピア・アクア,秘银矛・水
200,ウィンドスピア,风矛
201,風神雷神の槍,风神雷神之枪
202,ホーリースピア,神圣之矛
203,ホーリードラグーン,圣龙枪
204,ドラグーンアース,龙枪・大地
205,獣の槍,兽枪
206,風槍シルフ,风枪希尔芙
208,ゴールドランス,黄金长枪
209,ヘヴィランス,沉重长枪
210,ヘヴィランス改,沉重长枪改
211,パルチザン,阔头枪
212,パルチザン改,阔头枪改
213,デーモンランス,恶魔长枪
214,デーモンランス改,恶魔长枪改
215,方天画戟,""
216,方天画戟改,""
217,方天画戟・烈牙,""
218,クリスタルランス,水晶长枪
219,飛竜の槍,飞龙之枪
220,竜鱗の槍,龙鳞制枪
221,氷雪竜鱗槍,冰雪龙鳞枪
222,飛竜聖槍,飞龙圣枪
223,シャドウランス,暗影长枪
224,赤熱シャドウランス,赤热暗影长枪
225,オリハルコンの槍,奥利哈钢制枪
226,プリズムランス,棱镜长枪
227,ロンギヌス,朗基努斯
228,プリズムウィンダード,棱镜迎风
229,ロンギヌスプラズマ,朗基努斯等离子
230,ブリューナク,布里欧纳克
231,ブリューナク・ヘブン,布里欧纳克・天堂
232,流星の槍,流星制之枪
233,ロンギヌスシャイン,朗基努斯闪耀
234,飛竜魔槍,飞龙魔枪
235,方天画戟・千蛇,""
236,ディフェンスランス,防御长枪
237,聖槍ロンギヌス,圣枪朗基努斯
238,インテグラルランス,整体长枪
239,ブリューナク・クロス,布里欧纳克・十字
240,飛竜魔槍・黒桜,飞龙魔枪・黑樱
241,戦乙女の槍,女武神的枪
243,無銘の刀,无铭之刀
244,同田貫,同田贯
245,風切りの刃,风切之刃
246,備前長船,备前长船
247,同田貫・紅蓮,同田贯・红莲
248,虎徹,虎彻
249,菊一文字,""
250,正宗,""
251,村雨,""
252,虹の刀,虹制刀
253,物干し竿,晾衣竿
254,天叢雲,天丛云
255,夢幻,梦幻
256,月下美人,""
257,花神楽,花神乐
258,日輪刀,日轮刀
259,水刀ウンディーネ,水刀温蒂妮
260,惨華正宗,惨华正宗
261,雷光虎徹,雷光虎彻
262,名刀・妖魔斬り,名刀・妖魔斩
263,人斬り丸,人斩丸
264,巖流・物干し竿,岩流・晾衣竿
265,蛇鬼村雨,""
266,残心,""
268,くない,苦无
269,小太刀,""
270,佐助の刀,佐助的刀
271,霧刃,雾刃
272,一撃の刃,一击之刃
273,オリハルコンの刃,奥利哈钢制刃
274,闇吹雪,暗吹雪
275,闇吹雪・大波,暗吹雪・大波
276,虹の刃,虹制刃
277,紅蓮虹刃,红莲虹刃
278,極光虹刃,极光虹刃
279,干将,""
280,莫耶,""
281,流星の刃,流星制之刃
282,霧夢,雾梦
283,流星・華王,流星・华王
284,流星・黒蛇,流星・黑蛇
285,狐火,""
286,悦夢,悦梦
287,風魔,风魔
288,猿飛,猿飞
290,セスタス,格斗爪
291,セスタス改,格斗爪改
292,鉄の爪,铁制爪
293,風の爪,风爪
294,黄金の爪,黄金爪
295,炎の爪,炎爪
296,氷の爪,冰爪
297,雷の爪,雷爪
298,アースナックル,大地指虎
299,アクアナックル,水之指虎
300,カイザーナックル,凯撒之指虎
301,カイザーナックル改,凯撒指虎改
302,ミスリルクロウ,秘银之爪
303,オックスナックル,公牛指虎
304,ドラゴンクロウ,龙之爪
305,ダーククロウ,暗之爪
306,ダーククロウ・バースト,暗之爪・爆发
307,クリスタルクロウ,水晶之爪
308,マジカルクロウ,魔法之爪
309,ビーストクロウ,兽之爪
310,バステトクロウ,芭丝特之爪
311,竜鱗の爪,龙鳞制爪
312,氷竜爪,冰龙爪
313,オックスロード,公牛主宰
314,ネクロナックル,亡灵指虎
315,オリハルコンの爪,奥利哈钢制爪
316,プリズムクロウ,棱镜之爪
317,イリスプリズム,伊莉丝棱镜
318,プリズムクロウ・アクア,棱镜之爪・水
319,イデアプリズム,伊迪亚棱镜
320,ベヒーモスクロウ,贝希摩斯之爪
321,流星の爪,流星制之爪
322,魔手甲ヘカトンケイル,魔手甲・赫卡顿凯尔
323,聖獣の爪,圣兽之爪
324,ダークプリズム,暗之棱镜
325,炎拳サラマンダー,炎拳萨拉曼达
326,淫魔の鉄拳,淫魔的铁拳
327,格闘王の拳,格斗王的拳
328,メカニックフィスト,机械拳
329,キングオブハート,红心之王
330,格闘王・華裂,格斗王・华裂
331,格闘王・深蒼,格斗王・深苍
332,グラビディハンド,重力之手
334,石の牙,石之牙
335,アイアンファング,铁牙
336,アイアンファング改,铁牙改
337,ゴールドファング,金牙
338,ダークファントム,暗影牙
339,ホーリーファントム,圣影牙
340,ミスリルファング,秘银牙
341,デスファング,死亡之牙
342,デスファングクロス,死亡之牙・十字
343,クリスタルファング,水晶之牙
344,マジカルファング,魔法之牙
345,アクアファング,水之牙
346,竜鱗の牙,龙鳞制牙
347,白虎の牙,白虎之牙
348,メデューサファング,美杜莎之牙
349,オリハルコンの牙,奥利哈钢制牙
350,プリズムファング,棱镜之牙
351,プリズムファング・アース,棱镜之牙・土
352,夜の牙,夜之牙
353,流星の牙,流星制之牙
354,アポカリプス,启示录
355,ファング・カオストロン,混沌之牙
356,暴竜の牙,暴龙之牙
357,アポカリプス・シグマ,启示录・西格玛
358,西覇白虎の牙,西霸白虎之牙
359,古代竜の牙,古代龙之牙
360,暴竜の牙・咆吼,暴龙之牙・咆哮
362,木こりの斧,伐木斧
363,バトルアクス,战斗斧
364,アイアンアクス,铁斧
365,バルディッシュ,战斧
366,ゴールドアクス,金斧
367,ランブルアクス,狂暴斧
368,アクアアクス,水之斧
369,クリムゾンアクス,绯红之斧
370,シャインクリムゾン,闪耀绯红
371,ミスリルアクス,秘银之斧
372,バイオニックアクス,生化斧
373,ミノタウロスの斧,米诺陶洛斯的斧头
374,ルーンアクス,符文之斧
375,ルーンアクス・アース,符文之斧・土
376,魔神の斧,魔神之斧
377,混沌の魔神斧,混沌魔神斧
378,クリスタルアクス,水晶之斧
379,巨人の斧,巨人之斧
380,竜鱗の斧,龙鳞制斧
381,巨人の斧・氷塊,巨人之斧・冰块
382,超重ミノタウロスの斧,超重米诺陶洛斯斧
383,シャドウアクス,暗影斧
384,オリハルコンの斧,奥利哈钢制斧
385,ミノタウロスブレイク,米诺陶洛斯粉碎
386,プリズムアクス,棱镜斧
387,グランドプリズム,大地棱镜
388,妖力プリズムアクス,妖力棱镜斧
389,絶対零度グランドプリズム,绝对零度大地棱镜
390,流星の斧,流星制斧
391,聖極光グランドメテオ,圣极光大地流星
392,ギガタウロスブレイク,巨人弥诺陶洛斯粉碎
393,土斧ノーム,土斧诺姆
394,スパルタクス,斯巴达克斯
395,ルーンブレイカー,符文破坏者
396,魔神斧ナノプラス,魔神斧纳米加强版
397,巨人の斧・氷華,巨人斧・冰华
398,ベルセルク,狂怒战士
400,棍棒,""
401,棍棒改,""
402,大金槌,大金锤
403,アイアンハンマー,铁锤
404,アイアンハンマー改,铁锤改
405,ゴールドハンマー,金锤
406,癒しの棍,治愈之棍
407,アースハンマー,大地锤
408,アクアハンマー,水锤
409,ウォーハンマー,战锤
410,闇ひのきの棍棒,暗柳棍棒
411,超癒しの棍,超治愈之棍
412,ミスリルハンマー,秘银锤
413,闇ひのきの棍棒・エア,暗之木棍・风
414,サボテンハンマー,仙人掌锤
415,魔神の金槌,魔神之金锤
416,クリスタルハンマー,水晶锤
417,大地のハンマー,大地之锤
418,闇の棍棒・弐式エア,暗之棍棒・二式风
419,混沌の魔神金槌,混沌魔神金锤
420,竜鱗のハンマー,龙鳞制锤
421,妖棒・闇参式,妖棒・暗三式
422,大地電塵ハンマー,大地电尘锤
423,オリハルコンのハンマー,奥利哈钢制锤
424,赤熱バーニングハンマー,赤热燃烧锤
425,奇跡の棍,奇迹之棍
426,金剛棒・零式,金刚棒・零式
427,プリズムハンマー,棱镜锤
428,ギガントブレイカー,巨人破坏者
429,如意棒,""
430,流星のハンマー,流星制锤
431,ミョルニル,雷神之锤
432,大奇跡の棍,大奇迹之棍
433,螺旋如意棒,""
434,テルモピュライ,泰尔莫皮拉伊
435,世界樹のハンマー,世界树之锤
436,真・混沌魔神金槌,""
437,鬼棍棒,""
438,竜殺しのミョルニル,屠龙之锤 雷神之锤
439,バーバリアン,野蛮人
441,草刈り鎌,割草镰
442,小悪魔の鎌,小恶魔的镰
443,鉄の鎌,铁制镰
444,風切り鎌,风切镰
445,金の鎌,金制镰
446,デスシックル,死亡之镰
447,デスシックル改,死亡之镰改
448,ミスリルの鎌,秘银制镰
449,デッドマンズシックル,死人之刺
450,クリスタルの鎌,水晶制镰
451,ビッグシックル,巨型之刺
452,マジカルシックル,魔法之刺
453,竜鱗の鎌,龙鳞制镰
454,陰陽鎌,阴阳镰
455,破魔陰陽鎌,破魔阴阳镰
456,コキュートスシックル,阴魂镰
457,クリムゾンシックル,绯红镰
458,オリハルコンの鎌,奥利哈钢制镰
459,虹の鎌,虹制镰
460,聖角陰陽鎌,圣角阴阳镰
461,エレメントシックル,元素镰
462,シャインシックル,闪光镰
463,流星の鎌,流星制镰
464,六魂陰陽鎌,六魂阴阳镰
465,アーククリムゾン,弧形绯红
466,斬魂鎌,斩魂镰
467,蒼魔の鎌,苍魔镰
468,黄泉の鎌,黄泉之镰
469,九魂陰陽鎌,九魂阴阳镰
470,エターナルシックル,永恒镰
472,樫の杖,橡木杖
473,アイアンスタッフ,铁杖
474,魔導士の杖,魔导士之杖
475,風の杖,风之杖
476,裁きの杖,裁决之杖
477,ゴールドスタッフ,黄金杖
478,いかづちの杖,雷电之杖
479,暗闇の杖,黑暗之杖
480,さざなみの杖,波纹之杖
481,魔封じの杖,封魔之杖
482,ミスリルスタッフ,秘银杖
483,呪いの杖,诅咒之杖
484,ルーンスタッフ,符文之杖
485,ルーンスタッフ・バースト,符文杖・爆发
486,ルーンスタッフ・ドグマ,符文杖・教义
487,クリスタルスタッフ,水晶杖
488,奇跡の杖,奇迹之杖
489,竜鱗の杖,龙鳞制杖
490,大奇跡の杖,大奇迹之杖
491,超奇跡の杖,超奇迹之杖
492,オリハルコンの杖,奥利哈钢制杖
493,闇奇跡の杖,暗奇迹之杖
494,プリズムスタッフ,棱镜杖
495,トリニティスタッフ,三位一体杖
496,ヘブンズトリニティ,天堂三位一体
497,流星の杖,流星制杖
498,カオストリニティ,混沌三位一体
499,輝ける奇跡の杖,闪耀奇迹之杖
500,救済の杖,救赎法杖
501,エリシクルスタッフ,艾利西克鲁斯塔夫
502,太陽の杖,太阳之杖
503,救世主の杖,救世主之杖
504,マーメイドの杖,人鱼之杖
505,銀河の杖,银河之杖
506,デミウルゴス,迪米乌哥斯
507,アデプタス,阿德普塔斯
509,古木のロッド,古木法杖
510,小悪魔ロッド,小恶魔法杖
511,アイアンロッド,铁法杖
512,風のロッド,风之法杖
513,ゴールドロッド,黄金法杖
514,炎のロッド,炎之法杖
515,氷のロッド,冰之法杖
516,雷のロッド,雷之法杖
517,癒しのロッド,治愈的法杖
518,ストライクロッド,打击法杖
519,ポイズンロッド,毒法杖
520,ミスリルロッド,秘银法杖
521,オックスロッド,牛头法杖
522,天使のロッド,天使法杖
523,天使のロッド・バースト,天使法杖・爆发
524,クリスタルロッド,水晶法杖
525,ホーリーロッド,神圣法杖
526,竜鱗のロッド,龙鳞制法杖
527,ホーリーロッド改,神圣法杖改
528,ミノタウロスロッド,米诺陶洛斯法杖
529,ウィザードロッド,巫师法杖
530,ホーリーロッド・ダブル,神圣法杖・双重
531,ドラゴンロッド,龙法杖
532,オリハルコンのロッド,奥利哈钢制法杖
533,ホーリーソーサラー,神圣法师
534,プリズムロッド,棱镜法杖
535,プリズムロッド・アクア,棱镜法杖・水
536,ストライクドラグナー,打击龙骑
537,プリンセスガード,公主护卫
538,グランウィザード,大巫师
539,流星のロッド,流星制法杖
540,マスタードラグナー,大师龙
541,マスターウィザード,大师巫师
542,ワールドクロニクル,世界编年史
543,ファントムロッド,幻影法杖
544,大自然のロッド,大自然的法杖
545,大召喚士のロッド,大召唤士的法杖
546,メシアソーサラー,救世主法师
548,ショートボウ,短弓
549,ロングボウ,长弓
550,アイアンボウ,铁弓
551,風の弓矢,风之弓箭
552,ゴールドボウ,金弓
553,炎の弓矢,炎之弓箭
554,氷の弓矢,冰之弓箭
555,雷の弓矢,雷之弓箭
556,キラーボウ,杀手弓
557,キラーボウ改,杀手弓改
558,エルフィンボウ,精灵弓
559,魅惑の弓矢,魅惑之弓箭
560,ミスリルボウ,秘银弓
561,疾風の弓矢,疾风之箭
562,疾風の弓矢改,疾风之弓箭改
563,エイビスキラー,龙鸟杀手
564,ドグマキラー,教条杀手
565,クリスタルボウ,水晶弓
566,フローラルボウ,花香弓
567,竜鱗の弓,龙鳞制弓
568,破魔弓,""
569,与一の弓,与一之弓
570,与一の弓・白金,与一之弓・白金
571,与一の弓・入滅,与一之弓・入灭
572,オリハルコンの弓,奥利哈钢制弓
573,プリズムボウ,棱镜弓
574,プリズムボウ・インフ,棱镜弓・诱惑
575,イリスキラー,伊莉丝杀手
576,アクアレインボー,水之彩虹
577,イデアキラー,伊迪亚杀手
578,流星の弓,流星制之弓
579,万魔の狩人,万魔猎人
580,カオスキラー,混沌杀手
581,天罰の弓,天罚之弓
582,エルフィンキュート,精灵芬芳
583,アルテミスの弓,阿尔忒弥斯之弓
584,竜殺しの弓,屠龙之弓
585,与一の弓・降魔,与一之弓・降魔
586,エルフィンバースト,精灵爆发
587,神罰の弓,神罚之弓
589,いばらの鞭,荆棘之鞭
590,小悪魔の鞭,小恶魔之鞭
591,アイアンビュート,铁鞭
592,チェーンクロス,链条十字鞭
593,ゴールドビュート,黄金鞭
594,ビーストキラー,野兽杀手
595,ビーストラバー,兽行鞭
596,テンタクルウィップ,触手鞭
597,ミスリルビュート,秘银鞭
598,ファイアビュート,火焰鞭
599,テンタクルウィップX,触手鞭X
600,クリスタルビュート,水晶鞭
601,テンタクルウィップXX,触手鞭XX
602,ドラゴンテイル,龙尾鞭
603,竜鱗の鞭,龙鳞制鞭
604,蛇妖鞭,""
605,グレイプニル,格雷普尼尔
606,竜妖鞭,龙妖鞭
607,オリハルコンの鞭,奥利哈钢制鞭
608,グレイプニル・インフ,格雷普尼尔・因夫
609,プリズムビュート,棱镜鞭
610,烈火竜鞭,烈火龙鞭
611,流星の鞭,流星制鞭
612,破邪流星鞭,""
613,覇蛇流星鞭,霸蛇流星鞭
614,グレイプニル・リリス,格雷普尼尔・莉莉丝
615,女王の鞭,女王的鞭
616,ウロボロスの鞭,衔尾蛇之鞭
617,テンタクルウィップZXL,触手鞭ZXL
618,禁鞭,""
619,ピューリタン,清教徒
620,三頭竜,三头龙
622,詩人の竪琴,诗人的竖琴
623,鉄の竪琴,铁制竖琴
624,風の竪琴,风的竖琴
625,金の竪琴,金制竖琴
626,エルフの竪琴,精灵的竖琴
627,大地の竪琴,大地的竖琴
628,水の竪琴,水的竖琴
629,祝福の竪琴,祝福的竖琴
630,ミスリルの竪琴,秘银制竖琴
631,奇跡の竪琴,奇迹的竖琴
632,魔獣の竪琴,魔兽的竖琴
633,ラミアの竪琴,拉米亚的竖琴
634,スキュラの竪琴,斯库拉的竖琴
635,クリスタルの竪琴,水晶制竖琴
636,妖精のハープ,妖精的竖琴
637,ねこまたのハープ,猫又的竖琴
638,竜鱗の竪琴,龙鳞制竖琴
639,陰陽の竪琴,阴阳的竖琴
640,スライムの竪琴,史莱姆的竖琴
641,ドラゴンの竪琴,龙的竖琴
642,オリハルコンの竪琴,奥利哈钢制竖琴
643,イリスの竪琴,伊莉丝的竖琴
644,虹の竪琴,虹制竖琴
645,精霊のハープ,精灵的竖琴
646,紅蓮の竪琴,红莲的竖琴
647,イデアの竪琴,伊迪亚的竖琴
648,アヌビスのハープ,阿努比斯的竖琴
649,流星の竪琴,流星制竖琴
650,堕天の竪琴,堕天竖琴
651,古代の竪琴,古代竖琴
652,黄泉の琵琶,黄泉琵琶
653,マーメイドの竪琴,人鱼竖琴
654,アヌビス・スカラベ,阿努比斯・斯克拉贝
655,大精霊のハープ,大精灵之琴
657,ブーメラン,回旋镖
658,おさかなブーメラン,鱼回旋镖
659,おさかなブーメラン改,鱼回旋镖改
660,鉄のブーメラン,铁制回旋镖
661,円月輪,圆月轮
662,金のブーメラン,金制回旋镖
663,おさかなブーメランカスタム,鱼回旋镖定制
664,珊瑚のブーメラン,珊瑚回旋镖
665,大自然のおさかなブーメラン,大自然鱼回旋镖
666,刃のブーメラン,刃之回旋镖
667,大自然のおさかなブーメラン＋,大自然鱼回旋镖+
668,マキナブーメラン,器械回旋镖
669,ミスリルブーメラン,秘银制回旋镖
670,炎のブーメラン,火焰回旋镖
671,大自然のおさかなブーメラン＋＋,大自然鱼回旋镖++
672,竜炎のブーメラン,龙炎回旋镖
673,マキナブーメランDX,器械回旋镖DX
674,クリスタルブーメラン,水晶制回旋镖
675,ホークアイ,鹰眼
676,触手の大自然おさかなメラン,触手的大自然鱼回旋镖
677,サンダーホークアイ,雷鹰眼
678,竜鱗のブーメラン,龙鳞制回旋镖
679,ライジングサン,升阳
680,毒触手自然おさかなメラン,毒触手自然鱼回旋镖
681,ライジングサン・マキナ,升阳・器械
682,オリハルコンブーメラン,奥利哈钢制回旋镖
683,スラッシュエッジ,斩击刃
684,森羅万象おさかなメラン,森罗万象鱼回旋镖
685,虹のブーメラン,虹制回旋镖
686,灼熱のブーメラン,灼热回旋镖
687,エンジェルおさかなメラン,天使鱼回旋镖
688,シューティングスター,流星
689,流星のブーメラン,流星制回旋镖
690,彗星のブーメラン,彗星回旋镖
691,フレイムエッジ,火焰刃
692,スダルサナ,善见神轮
693,フロストエッジ,霜冻之刃
694,華の彗星,华丽的彗星
695,ジェティルおさかなメラン,外邦人鱼回旋镖
696,プラズマエッジ,等离子之刃
697,神光のスダルサナ,神光的善见神轮
699,鎖鉄球,锁链铁球
700,鉄の鉄球,铁制铁球
701,鉄の鉄球改,铁制铁球改
702,金の鉄球,金制铁球
703,大地の鉄球,大地铁球
704,大地の鉄球改,大地铁球改
705,ミスリルの鉄球,秘银制铁球
706,猛牛の鉄球,猛牛铁球
707,小鬼の鉄球,小鬼铁球
708,クリスタルフレイル,水晶铁球
709,クリスタルフレイル・アクア,水晶铁球・水
710,クリスタルフレイル・サンダー,水晶铁球・雷
711,竜鱗の鉄球,龙鳞制铁球
712,鬼神鉄球,鬼神铁球
713,メデューサの鉄球,美杜莎铁球
714,オリハルコンの鉄球,奥利哈钢制铁球
715,虹の鉄球,虹制铁球
716,獣神の鉄球,兽神铁球
717,魔王の鉄球,魔王铁球
718,流星の鉄球,流星制铁球
719,覇獣の鉄球,霸兽铁球
720,破城鉄球,破城铁球
721,ヨルムンガンド,耶梦加得
722,国崩し,国崩
723,破天鉄球,破天铁球
725,丈夫な扇子,坚固的扇子
726,鉄の扇,铁制扇
727,白羽扇,""
728,ゴージャス白羽扇,豪华白羽扇
729,金の扇,金制扇
730,さざなみの扇,涟漪扇
731,三尾扇,""
732,淫魔の扇,淫魔扇
733,ミスリルの扇,秘银制扇
734,ミスリルの扇改,秘银制扇改
735,クリスタルの扇,水晶制扇
736,夢の扇,梦之扇
737,六尾扇,""
738,竜鱗の扇,龙鳞制扇
739,あやかし蛇扇,妖蛇扇
740,暗黒扇,暗黑扇
741,オリハルコンの扇,奥利哈钢制扇
742,大波扇,大浪扇
743,虹の扇,虹制扇
744,精霊の扇,精灵扇
745,芭蕉扇,""
746,流星の扇,流星制扇
747,魔浄扇,魔净扇
748,九尾扇,""
749,ステージスター,舞台之星
750,サバトの扇,萨巴特扇
751,神霊の扇,神灵扇
752,月の扇,月之扇
754,包丁,菜刀
755,鉄の包丁,铁制菜刀
756,金の包丁,金制菜刀
757,蛇包丁,蛇菜刀
758,ミスリルの包丁,秘银制菜刀
759,屍包丁,尸菜刀
760,クリスタルの包丁,水晶制菜刀
761,式神包丁,式神菜刀
762,竜鱗の包丁,龙鳞制菜刀
763,鬼包丁,鬼菜刀
764,鬼神包丁,鬼神菜刀
765,オリハルコンの包丁,奥利哈钢制菜刀
766,虹の包丁,虹制菜刀
767,紅蓮包丁,红莲菜刀
768,流星の包丁,流星制菜刀
769,魔神包丁,""
770,不思議な包丁,神奇包丁
771,人斬り包丁,斩人包丁
772,神秘の包丁,神秘包丁
774,旅商人のそろばん,旅行商人的算盘
775,鉄のそろばん,铁制算盘
776,金のそろばん,金制算盘
777,妖精のそろばん,妖精算盘
778,マキナのそろばん,器械的算盘
779,ミスリルのそろばん,秘银制算盘
780,マキナのそろばん改,器械的算盘改
781,魔法のそろばん,魔法算盘
782,クリスタルのそろばん,水晶制算盘
783,魔法のそろばん改,魔法算盘改
784,竜鱗のそろばん,龙鳞制算盘
785,闇商人のそろばん,暗商人的算盘
786,オリハルコンのそろばん,奥利哈钢制算盘
787,虹のそろばん,虹制算盘
788,正義のそろばん,正义算盘
789,流星のそろばん,流星制算盘
790,守護天使のそろばん,守护天使算盘
791,守護神のそろばん,守护神算盘
792,魔性のそろばん,魔性算盘
793,ミリオネア,百万富翁
794,闇夜のそろばん,暗夜算盘
796,メス,手术刀
797,鉄のメス,铁制手术刀
798,金のメス,金制手术刀
799,ダークストーカー,暗影追踪者
800,サージャンブレイド,外科手术刀
801,ミスリルのメス,秘银制手术刀
802,サージャンブレイドα,外科手术刀α
803,サージャンブレイドβ,外科手术刀β
804,クリスタルのメス,水晶制手术刀
805,神医のメス,神医的手术刀
806,マジカルメス,魔法手术刀
807,竜鱗のメス,龙鳞制手术刀
808,サージャンブレイドγ,外科手术刀γ
809,オリハルコンのメス,奥利哈钢制手术刀
810,華佗の医刀,华佗的医刀
811,虹のメス,虹制手术刀
812,サージャンブレイド・イリス,外科手术刀・伊莉丝
813,ブレイドアナトミア,解剖刀
814,サージャンブレイド・イデア,外科手术刀・伊迪亚
815,流星のメス,流星制手术刀
816,仙樹の医刀,仙树的医刀
817,科学者のメス,科学家的手术刀
818,世界樹の医刀,世界树的医刀
819,マッドサイエンティスト,疯狂科学家
821,カード,卡牌
822,アイアンカード,铁卡牌
823,銀のタロット,银之塔罗牌
824,ゴールドカード,黄金卡牌
825,黒のカード,黑卡牌
826,白のカード,白卡牌
827,ミスリルカード,秘银卡牌
828,ゾンビカード,僵尸卡牌
829,クリスタルカード,水晶卡牌
830,式神札,式神符
831,竜鱗のカード,龙鳞制卡牌
832,神秘のタロット,神秘塔罗
833,死者のタロット,死者塔罗
834,オリハルコンカード,奥利哈钢制卡牌
835,プリズムカード,棱镜卡牌
836,死神のカード,死神卡牌
837,流星のカード,流星制卡牌
838,陰陽式神札,阴阳式神札
839,ファンタジーカード,幻想卡牌
840,純白のカード,纯白卡牌
841,漆黒のカード,漆黑卡牌
843,高価な皿,昂贵的盘
844,鉄の皿,铁制盘
845,シルバートレイ,银托盘
846,金の皿,金制盘
847,狐皿,狐盘
848,魅惑の皿,魅惑之盘
849,ミスリルの皿,秘银制盘
850,スキュラメイドの皿,斯库拉女仆盘
851,クリスタルの皿,水晶制盘
852,三花皿,三花盘
853,竜鱗の皿,龙鳞制盘
854,河童の皿,河童之盘
855,豊穣の皿,丰收之盘
856,メデューサの皿,美杜莎盘
857,オリハルコンの皿,奥利哈钢制盘
858,サロメの皿,撒罗默之盘
859,サロメの妖花皿,撒罗默妖花盘
860,虹の皿,虹制盘
861,ディオニュソスの皿,狄俄尼索斯之盘
862,流星の皿,流星制盘
863,一級市民の皿,一级市民的盘
864,伝説の皿,传说之盘
865,淫靡触手皿,淫靡触手盘
866,メカニックディッシュ,机械盘
868,司教法典,主教法典
869,司教法典改,""
870,魔導辞書,魔导辞典
871,魔導辞書改,魔导辞典改
872,魔導辞書・呪言,魔导辞典・咒言
873,魔導辞書・大地編,魔导辞典・大地篇
874,精霊の書,精灵之书
875,精霊の書・弐式,精灵之书・贰式
876,ヴォイニッチ写本,伏尼契手稿
877,ヴォイニッチ・セクタ,伏尼契・塞克塔
878,レメゲトン,雷梅格顿
879,レメゲトン・フレア,雷梅格顿・弗雷尔
880,ネクロノミコン,死灵之书
881,ネクロノミコン・エレメント,死灵之书・元素
882,ネクロノミコン・トリニティ,死灵之书・三位一体
883,ラジエルの書,拉结尔之书
884,シックスセンス,六感
885,ヴェーダ,吠陀
886,アカシックレコード,阿卡西记录
887,快楽秘本,快乐秘本
889,マスケット,滑膛枪
890,マスケット改,滑膛枪改
891,デュエルガン,决斗枪
892,ピースメーカー,和平制造者
893,マスケット改＋,滑膛枪改装版＋
894,ガーランド,加兰德
895,ガーランド・エア,加兰德・风
896,ソーコム,索科姆
897,イングラム,英格拉姆
898,マスケット改＋＋,滑膛枪改装版＋＋
899,デザートイーグル,沙漠之鹰
900,アウトサイダー,局外人
901,ステアー,斯特尔
902,マジカルマスケット,魔法滑膛枪
903,アンギルステアー,安吉尔斯泰尔
904,デスペナルティ,死亡惩罚
905,ミラクルマスケット,奇迹滑膛枪
906,ブレイズペナルティ,烈焰惩罚
907,魔法少女のマスケット,魔法少女的滑膛枪
908,リーサルドラグーン,致命龙骑兵
909,ジブリール,吉普莉露
910,魔女のマスケット,魔女的滑膛枪
911,魔弾の射手,魔弹射手
912,禁断の魔銃,禁忌魔铳
913,ジブリール・バースト,吉普莉露・爆发
914,アークドラグーン,弧光龙卷
915,試作パルスライフル,试作脉冲步枪
916,滅穿銃,灭穿铳
917,ジブリール・ノルン,吉普莉露・诺恩
919,サキュバスハンド,魅魔之手
920,フェザーハンド,羽翼之手
921,天女の乳房,天女的乳房
922,テンタクルハンド,触手之手
923,クリーチャーホール,生物孔
924,快楽の妖花,快乐妖花
925,淫蛇掌,""
926,ゼラチナスハンド,粘液手
927,メデューサハンド,美杜莎之手
928,ドレインテイル,吸精尾
929,メカニカルハンド,机械手
930,アフロディーテの唇,阿佛洛狄忒的唇
931,もふもふハンド,毛茸茸手
932,昇天坩堝,升天坩埚
933,イーチテンタクル,一触手
934,メルトメカニカル,熔化机械
935,悪徳の栄え,恶德的繁荣
936,神々の妖花,众神的妖花
937,イシスの妖膣,伊西斯妖腔
938,サイコハンド,念动之手
940,ヴォーパルの剣,沃帕尔之剑
941,ガンバンテイン,甘班特因
942,蝕天弓デスペラーティオ,蚀天弓迪斯佩拉蒂奥
943,夢天杖アダフェラ,梦天杖阿达菲拉
944,覇天拳ヴィオレンティア,霸天拳维奥伦蒂亚
945,秩序と露悪の歪杖,秩序与露恶的扭曲法杖
946,リジェオ☆パラソル,莉洁奥☆阳伞
947,支配の女王,支配的女王
948,リベリオン・K,叛逆・K
949,MTTKスペシャル,MTTK特备
950,博識の杖,博识之杖
951,魔浄扇,魔净扇
952,ランパスウィップ,兰帕丝鞭
953,攻撃ユニットPoN-10,攻击单元PoN-10
954,九龍・玉石,九龙・玉石
955,絶倫坊主の数珠,绝伦和尚的念珠
956,墜龍牙,坠龙牙
957,破杖・えびる,破杖・邪
958,ヘイトスレイヤー,仇恨屠戮者
959,マギ・ガントレット,玛吉・钢手套
960,マギ・クロー,玛吉・爪
961,禁術の杖,禁术之杖
962,別雲剣,别云剑
963,クレセントサイダー,死神之镰
964,魔剣エクスキューショナー,魔剑行刑者
965,魔剣オーガトゥース,魔剑斩裂者
966,魔剣ミステルテイン,魔剑弑神者
967,莫邪宝剣,莫邪宝剑
969,C*-環,C*-环
970,ジャッジメント,审判
971,ワールドブレイカー,世界破坏者
972,ΑΩ,""
973,非可換幾何,非交换几何
1001,短剣,短剑
1002,盗賊,盗贼
1003,青春,""
1004,蝶,""
1005,略奪,掠夺
1006,泥棒,小偷
1007,舞剣,舞剑
1008,閃光,闪光
1009,雷鳴,雷鸣
1010,疾風,疾风
1011,ダガー,匕首
1012,ナイフ,小刀
1013,カッター,切割者
1014,ゴーシュ,格挡匕首
1015,スピード,速度
1016,スライス,切片
1017,マッシャー,马歇尔
1018,アサシン,刺客
1019,グラディウス,宽刃短剑
1020,カーリー,卡里
1021,イオンブレード,离子剑
1022,義賊の宝剣,义贼的宝剑
1023,夜の女王,夜之女王
1024,慈悲と裁き,慈悲与裁决
1025,誘惑剣アシュモラ,诱惑剑阿什莫拉
1026,熱風剣ドラグネスウィンド,热风剑德拉格尼斯风
1027,エンドオブアサシン,暗杀者之终
1028,マハーデーヴィー,玛哈・德维
1029,炎風刃フレイ,炎风刃弗雷
1030,凍水刃フレイヤ,冻水刃芙蕾雅
1031,聖嗣刃エリヤ,圣嗣刃以利亚
1032,凍戯刃ロキ,冻戏刃洛基
1033,魔閃剣グラム,魔闪剑格拉墨
1034,七つの大罪・傲慢,七宗罪・傲慢
1101,剣,剑
1102,棒,""
1103,冒険,冒险
1104,炎剣,炎剑
1105,氷剣,冰剑
1106,雷剣,雷剑
1107,勇気,勇气
1108,勇者,""
1109,王者,""
1110,英雄,""
1111,ソード,剑
1112,スラッシュ,斩击
1113,クエスト,任务
1114,ファンタジー,幻想
1115,ブランド,品牌
1116,カスタム,定制
1117,ヒーロー,英雄
1118,ヒロイン,女主角
1119,キング,国王
1120,ファルシオン,弯刃大刀
1121,アークエンハンス,大强化
1122,陰陽五行相剋,阴阳五行相克
1123,ナイトフライヤ,夜行者
1124,堕剣レムルサクバス,堕剑雷姆尔萨库巴斯
1125,混沌剣カオスハイロウ,混沌剑混沌之翼
1126,マスターソード,大师之剑
1127,不朽剣ジークフリート,不朽剑齐格弗里德
1128,天韻剣ヘイムダル,天韵剑海姆达尔
1201,剣,剑
1202,騎士剣,骑士剑
1203,闘争,斗争
1204,誇り,荣誉
1205,栄光,荣耀
1206,忠誠,忠诚
1207,騎士,骑士
1208,聖剣,圣剑
1209,魔剣,魔剑
1210,王者,""
1211,スレイド,斯雷德
1212,スレイヤー,斯雷亚
1213,ブレイブ,勇气
1214,ナイト,骑士
1215,キラー,杀手
1216,マスター,""
1217,ブリンガー,布林加
1218,ディフェンダー,防御者
1219,アロンダイト,阿隆戴特
1220,デュランダル,杜兰达尔
1221,天軍聖剣,天军圣剑
1222,獅子王剣,狮子王剑
1223,極・隼の剣,极・隼之剑
1224,インフィニティ,无限
1225,エルフィンブリンガー,精灵之剑
1226,カオスブレイド,混沌之刃
1227,アロンダイトディフェンダー,阿隆戴特防御者
1228,魔剣ドラゴンロード,魔剑龙之主宰
1229,カンナギ,神薙
1230,輝鏡剣ペルセウス,辉镜剑珀尔修斯
1231,最終英雄剣ハインリヒ,最终英雄剑海因里希
1232,英雄剣イデア・ルカス,英雄剑伊迪亚・鲁卡斯
1233,聖剣エンジェルスター,圣剑天使之星
1234,轟天はかぶさ,轰天羽羽斩
1235,聖皇剣エクスカリバー,圣皇剑断钢剑
1236,黎明剣ギルガメシュ,黎明剑吉尔伽美什
1237,万廻剣クロノス,万回剑柯罗诺斯
1238,虚竜,虚龙
1301,巨剣,巨剑
1302,殺し,杀戮
1303,塔,""
1304,帝王,""
1305,進撃,进击
1306,バスター,破坏者
1307,タワー,塔
1308,スペシャル,特别
1309,エンペラー,皇帝
1310,クレイモア,双刃大剑
1311,魔神剣リベリオン,魔神剑叛逆
1312,斬釘截鉄,斩钉截铁
1313,斬鉄剣・曙光,斩铁剑・曙光
1314,ドレッドノート,恐惧号
1315,魔剣バスタードオメガ,魔剑混种欧米伽
1316,聖剣マキシマムタイタス,圣剑麦克斯姆泰坦
1317,滅神剣シヴァ,灭神剑湿婆
1318,覇業剣アレス,霸业剑阿瑞斯
1319,輝熱剣レーヴァテイン,辉热剑莱瓦汀
1320,紅星剣クレオ・アドラ,红星剑克莱奥・阿德拉
1351,尖剣,尖剑
1352,貫通,穿透
1353,貴婦人,贵妇人
1354,細剣,细剑
1355,秩序,""
1356,お嬢様,大小姐
1357,征服,""
1358,螺旋,""
1359,薔薇,蔷薇
1360,貴族,贵族
1361,レイピア,细剑
1362,サーベル,佩剑
1363,フルーレ,花剑
1364,レディ,女士
1365,マダム,夫人
1366,バタフライ,蝴蝶
1367,ローズ,萝丝
1368,ブラッド,血
1369,ノーブル,贵族
1370,レコンキスタ,光复者
1371,ソレイユ,曙光
1372,シルバーローズ,银蔷薇
1373,闇薔薇,暗蔷薇
1374,アンファンテリブル,不可侵犯
1375,夢牙,梦牙
1376,黙示の尖剣,默示的尖剑
1377,ダークドリーム,黑暗梦境
1378,聖竜千鳥,圣龙千鸟
1379,魔皇剣ブラッディローズ,魔皇剑血腥蔷薇
1380,三魔滅天,三魔灭天
1381,流炎剣メルクリウス,流炎剑墨丘利
1382,氷魂剣ブリュンヒルド,冰魂剑布伦希尔德
1383,邪神剣アリスフィーズ,邪神剑爱丽丝菲兹
1451,魔導剣,魔导剑
1452,節制,节制
1453,誕生,诞生
1454,覚醒,觉醒
1455,波動,波动
1456,ソウル,灵魂
1457,イーター,伊塔
1458,セイバー,剑士
1459,フォース,力量
1460,エターナル,永恒
1461,ホワイトアリア,白之咏叹调
1462,漆黒の魔剣,漆黑魔剑
1463,アークフォース,阿克福斯
1464,V.,""
1465,宝剣・三魔四精,宝剑・三魔四精
1466,滅身剣クラウ・ソラス,灭身剑克拉乌・索拉斯
1467,呪叫剣テュルフィング,咒叫剑提尔锋
1468,無詠剣エテメンアンキ,无咏剑七曜塔
1469,カオティック,混沌
1470,魔王殺し・終式,魔王杀手・终式
1471,黄龍聖剣,黄龙圣剑
1472,四精魔剣,四精灵魔剑
1501,槍,""
1502,矛,""
1503,平和,和平
1504,理想,""
1505,絶望,绝望
1506,スピア,矛
1507,フォーク,叉子
1508,ニート,尼特
1509,ジャベリン,标枪
1510,トライデント,三叉戟
1511,真・絶風槍シルフ,真・绝风枪希尔芙
1512,天沼矛,""
1513,アルファケンタウリ,阿尔法半人马
1514,クロックスカイ,时钟天空
1515,蝕魔蛭蟲槍,蚀魔蛭虫枪
1516,聖槍ドミニオン,圣枪多米尼翁
1517,ガンランスΩ,铳枪Ω
1551,槍,""
1552,戦槍,战枪
1553,馬上槍,马上枪
1554,革命,""
1555,紋章,纹章
1556,突撃,突击
1557,聖槍,圣枪
1558,魔槍,魔枪
1559,竜槍,龙枪
1560,方天画戟,""
1561,ランス,长枪
1562,パルチザン,阔头枪
1563,ハルベルト,长矛
1564,パイク,矛
1565,アベンジャー,复仇者
1566,チャージ,充能
1567,ドラグーン,龙枪
1568,ロンギヌス,朗基努斯
1569,ブリューナク,布里欧纳克
1570,チャリオット,战车
1571,クルセイダー,十字军
1572,飛黒輝,飞黑辉
1573,ファランクス,方阵
1574,ヴァルキュリア,女武神
1575,幾星槍,几星枪
1576,方天画戟・無双,方天画戟・无双
1577,聖槍ロンギヌス・トリプル,圣枪 朗基努斯・三重
1578,蒼海矛ポセイドン,苍海矛 波塞冬
1579,滅穿槍ゲイボルグ,灭穿枪千棘刺之枪
1580,覇界槍グングニル,霸界枪 冈格尼尔
1651,刀,""
1652,刃,""
1653,太刀,""
1654,業物,业物
1655,菊一文字,""
1656,備前長船,备前长船
1657,同田貫,同田贯
1658,左文字,""
1659,宗像,""
1660,兼光,""
1661,鬼丸国綱,鬼丸国纲
1662,大包平,""
1663,妖魔切,""
1664,村正,""
1665,虎鉄,虎铁
1666,村雨,""
1667,正宗,""
1668,暁,""
1669,宵,""
1670,天叢雲,天丛云
1671,鍾馗,钟馗
1672,雷切,""
1673,五光,""
1674,鏡水,镜水
1675,塵桜,尘樱
1676,蚩尤,""
1677,無尽無銘・詠人不知,无尽无名・咏人不知
1678,真・鏡水刀ウンディーネ,真・镜水刀温蒂妮
1679,天剣天誅,天剑天诛
1680,邪皇七星剣,邪皇七星剑
1681,九魂七支刀,""
1682,暴雄刀スサノオ,暴雄刀须佐之男
1683,統皇刀フツノミタマ,统皇刀布都御魂
1751,忍者刀,""
1752,小太刀,""
1753,くない,苦无
1754,霞,""
1755,陽炎,阳炎
1756,蜻蛉,""
1757,菊花,""
1758,橘花,""
1759,秋水,""
1760,垂氷,垂冰
1761,胡蝶,蝴蝶
1762,雲隠,云隐
1763,帚木,""
1764,闇吹雪,暗吹雪
1765,一撃,一击
1766,紫電,紫电
1767,月光,""
1768,澪標,澪标
1769,霧刃,雾刃
1770,佐助,""
1771,修羅,修罗
1772,羅刹,罗刹
1773,狂悦,""
1774,狐影,""
1775,朧星,胧星
1776,破邪・干将,""
1777,神祁・莫耶,""
1778,聖魔流星,圣魔流星
1779,斬神斬魔,斩神斩魔
1780,死刻刃イザナミ,死刻刃伊邪那美
1781,生刻刃イザナギ,生刻刃伊邪那岐
1851,拳,""
1852,手甲,""
1853,爪,""
1854,鉄拳,铁拳
1855,爆発,爆炸
1856,俺,""
1857,剛毅,刚毅
1858,闘魂,斗魂
1859,聖拳,圣拳
1860,魔拳,""
1861,ナックル,指虎
1862,フィスト,铁拳
1863,セスタス,格斗爪
1864,クロウ,爪
1865,パンチ,拳击
1866,ファイト,战斗
1867,バーニング,燃烧
1868,ショック,电击
1869,ラッシュ,冲刺
1870,ハート,心
1871,ヴィジランテ,维吉兰特
1872,カイザーハート,凯撒之心
1873,死亡遊戯,死亡游戏
1874,ウルヴァリン,狼人
1875,デストロフィスト,死亡破坏拳
1876,七色魔爪,""
1877,聖爪バロン,圣爪巴隆
1878,最終冥王拳,最终冥王拳
1879,邪神拳ソウルジハード,邪神拳灵魂圣战
1880,真・灼炎拳サラマンダー,真・灼炎拳萨拉曼达
1881,グラビティハンドΩ,重力之手Ω
1882,格闘王・不敗蒼華,格斗王・不败苍华
1883,フレデリカ兵装XIII終式,芙蕾德莉卡兵装XIII终式
1884,獄炎拳アグニ,狱炎拳阿耆尼
1885,地母拳キュベレ,地母拳西布莉
1886,明鏡止水の拳,明镜止水的拳
1887,白廻爪アピロ・ラゴス,白回爪阿皮洛・拉戈斯
1951,牙,牙
1952,顎,""
1953,猟犬,猎犬
1954,苦しみ,痛苦
1955,痛み,疼痛
1956,呻き,呻吟
1957,野獣,野兽
1958,粉砕,粉碎
1959,獅子,狮子
1960,叫び,咆哮
1961,ファング,獠牙
1962,ペイン,痛苦
1963,シャーク,鲨鱼
1964,クライ,哭泣
1965,ゲイル,风暴
1966,バイト,咬
1967,ビースト,野兽
1968,レックス,雷克斯
1969,ゲイザー,凝视者
1970,クリムゾン,绯红
1971,Tレックス,T雷克斯
1972,裂帛,""
1973,ドラゴンクライ,龙之咆哮
1974,虚牙,""
1975,四聖西覇白虎の牙,四圣西霸白虎之牙
1976,神祖の牙,神祖之牙
1977,アポカリプス・アリス,启示录・爱丽丝
1978,ルー・ガルー,鲁・加鲁
1979,終狼牙フェンリル,终狼牙芬里尔
1980,覇竜牙バハムート,霸龙牙巴哈姆特
1981,ゲシュタルト,格式塔
2051,斧,""
2052,両断,斩断
2053,暴力,""
2054,怒り,愤怒
2055,情熱,热情
2056,無惨,无惨
2057,憤怒,愤怒
2058,巨人,""
2059,復讐,复仇
2060,戦争,战争
2061,アックス,战斧
2062,アンガー,愤怒
2063,ウォー,战争
2064,ブッチャー,屠夫
2065,グランド,大地
2066,オックス,公牛
2067,パニッシュ,狂乱
2068,バルディッシュ,战斧
2069,バイオレンス,暴力
2070,ボルケーノ,火山
2071,冥帝斧,""
2072,マックスブレイカー,最大破坏者
2073,星割り,星碎
2074,九首牛魔羅王,九首牛魔罗王
2075,オメガベルセルク,欧米伽狂怒战士
2076,巨人の遺産,巨人之遗产
2077,ナノ分解魔神斧,纳米分解魔神斧
2078,聖斧アトラスクロス,圣斧阿特拉斯十字
2079,真・烈土斧ノーム,真・烈土斧诺姆
2080,征服斧イスカンダル,征服斧伊斯坎达尔
2081,蹂躙斧グラシャラボラス,蹂躏斧格剌希亚拉波斯
2151,棍棒,""
2152,金槌,金锤
2153,木槌,木锤
2154,柱,""
2155,鉄槌,铁锤
2156,もの,物品
2157,衝撃,冲击
2158,粉砕,粉碎
2159,風棍,风棍
2160,土棍,""
2161,ハンマー,锤子
2162,メイス,权杖
2163,パワー,力量
2164,プレス,压榨
2165,バール,铁砧
2166,バット,球棒
2167,ブレイカー,破坏者
2168,ストライク,打击
2169,クェイク,地震
2170,ピラー,柱子
2171,雷神のミョルニル,雷神之锤
2172,オライオン,奥拉昂
2173,クロマニヨン,克罗玛尼翁
2174,鬼哭,""
2175,零の龍角,零之龙角
2176,聖棍ギルアンヘル,圣棍吉尔安赫尔
2177,四海大聖如意棒,四海大圣如意棒
2178,ペルセポネー,珀耳塞福涅
2179,虚無金槌,虚无金槌
2180,輪廻棍エクスソニア,轮回棍 艾克斯索尼娅
2181,憤怒棍ヘラクレス,愤怒棍 赫拉克勒斯
2182,英傑棍ダグザ,英杰棍达格达
2183,七つの大罪・憤怒,七宗罪・愤怒
2184,星喰い,星喰
2251,鎌,镰
2252,悲鳴,尖叫
2253,嗚咽,呜咽
2254,嘆き,叹息
2255,恨み,怨恨
2256,恐怖,""
2257,大鎌,大镰
2258,運命,命运
2259,処刑,处刑
2260,死,""
2261,シックル,镰刀
2262,デッド,死亡
2263,デビル,恶魔
2264,イービル,邪恶
2265,フィアー,菲亚
2266,ゴースト,幽灵
2267,ヘル,地狱
2268,デスサイズ,死亡之爪
2269,ナイトメア,噩梦
2270,デスティニー,命运
2271,黒の魔奏,黑色魔奏
2272,克己覇道,克己霸道
2273,ヘルソウル,地狱灵魂
2274,シュレディンガー,薛定谔
2275,あやかし蒼魔,妖异苍魔
2276,永劫と終焉の鎌,永劫与终焉之镰
2277,冥府黄泉舞鎌,冥府黄泉舞镰
2278,黒廻鎌ニフタ・テロス,黑回镰尼菲特・泰罗斯
2279,滅・妖狩斬魂鎌,灭・妖狩斩魂镰
2280,光獄鎌ヘル,光狱镰海拉
2281,冥獄鎌ハデス,冥狱镰哈迪斯
2351,杖,""
2352,癒し,治愈
2353,泉,""
2354,輝き,光辉
2355,神官,""
2356,祈り,祈祷
2357,救済,救济
2358,啓示,启示
2359,奇跡,奇迹
2360,祝福,""
2361,スタッフ,法杖
2362,ワンド,魔杖
2363,ステッキ,手杖
2364,ヒール,治愈
2365,ライト,光明
2366,ワンダー,奇迹
2367,ルーン,符文
2368,ヘブン,天堂
2369,シャイン,闪耀
2370,プラネット,行星
2371,アヴェ・マリア,圣母玛利亚
2372,1000と1の杖,1000与1的杖
2373,オメガアデプタス,欧米伽适配者
2374,コスモス,宇宙神蝶
2375,マグニフィセントワン,壮丽一击
2376,アルテマトリニティ,最终合一
2377,オーバーエリシクル,超艾利西克
2378,乙姫,乙姬
2379,デミウルゴス∞,迪米乌哥斯∞
2380,神鳴杖ホルス,神鸣杖荷鲁斯
2381,誓刻杖トト,誓刻杖托特
2382,神雷杖ゼウス,神雷杖宙斯
2451,杓,""
2452,沈黙,沉默
2453,記憶,记忆
2454,魂,""
2455,呪い,诅咒
2456,憎悪,憎恶
2457,永遠,永远
2458,世界,""
2459,魔導師,魔导师
2460,賢者,贤者
2461,ロッド,法杖
2462,スティック,棍棒
2463,ファントム,幻影
2464,マジック,魔法
2465,カーズ,诅咒
2466,ウィッチ,女巫
2467,メモリー,记忆
2468,セプター,权杖
2469,トリニティ,三位一体
2470,ソーサラー,术士
2471,アルテマウィザード,究极魔法师
2472,夢真彗星,梦真彗星
2473,黙示の刻,默示之刻
2474,ゴーストファンタスティック,幽灵幻想
2475,ツインスパークル,双闪烁
2476,ガンマトロン,伽马托隆
2477,アルテマドラグナー,究极龙骑士
2478,聖杖メシアン,圣杖弥赛亚
2479,セイブザクィーン,拯救女王
2480,邪皇杖カオスクロニクル,邪皇杖混沌编年史
2481,究極魔法少女のロッド,究极魔法少女的法杖
2482,マスターワーム,大师蠕虫
2483,創世杖ブラフマー,创世杖梵天
2484,虐悪杖アーリマン,虐恶杖阿里曼
2485,アポクリファ,伪典
2551,弓,""
2552,狩人,猎人
2553,狩り,狩猎
2554,密猟,偷猎
2555,猟兵,猎兵
2556,季節,季节
2557,聖弓,圣弓
2558,魔弓,""
2559,黄昏,""
2560,宿命,""
2561,アロー,箭矢
2562,ボウガン,弩
2563,ボウ,弓
2564,シーズン,季节
2565,アーチ,拱门
2566,アイ,眼
2567,ハント,狩猎
2568,イェーガー,猎兵
2569,フィールド,野外
2570,エルフ,精灵
2571,明星聖弓,明星圣弓
2572,黄泉ノ星,黄泉之星
2573,輝月弓アルテミス,辉月弓阿尔忒弥斯
2574,エルフィンオルド,精灵之弓
2575,EMPC,""
2576,アポカリプスキラー,末日杀手
2577,ハンターオブハンター,猎人之猎人
2578,滅竜神弓,灭龙神弓
2579,侵蝕蛭蟲弓,侵蚀蛭虫弓
2580,雷帝弓インドラ,雷帝弓因陀罗
2581,滅魔弓ヴィシュヌ,灭魔弓毗湿奴
2582,創世弓イリアスハート,创世弓伊莉娅丝之心
2651,鞭,""
2652,束縛,束缚
2653,緊縛,紧缚
2654,拷問,拷问
2655,花,""
2656,触手,""
2657,竜鞭,龙鞭
2658,支配,""
2659,屈服,""
2660,蛇,""
2661,ウィップ,鞭
2662,テイル,尾巴
2663,アナコンダ,巨蟒
2664,フレンズ,朋友
2665,バインド,束缚
2666,フラワー,花
2667,クィーン,女王
2668,ビュート,野蛮
2669,テンタクル,触手
2670,グレイプニル,格雷普尼尔
2671,ルミナスレイン,光之雨
2672,九頭竜,九头龙
2673,女王の懲罰,女王的惩罚
2674,テンタクルヘル,触手地狱
2675,沙羅双樹,沙罗双树
2676,ハドロンビュート,强子鞭
2677,竜鞭クィーンロード,龙鞭女王主宰
2678,リリスナイトメア,莉莉丝梦魇
2679,世喰鞭ウロボロス,世食鞭衔尾蛇
2680,太極・封神禁鞭,太极・封神禁鞭
2681,聖鞭プリンシパリティ,圣鞭普林西帕利提
2682,螺神鞭ペンテシレア,螺神鞭彭忒西勒亚
2683,傾枷鞭アルテミシア,倾枷鞭阿尔忒弥西亚
2684,七つの大罪・嫉妬,七宗罪・嫉妒
2751,竪琴,竖琴
2752,歌,""
2753,音色,""
2754,囁き,低语
2755,安らぎ,安宁
2756,裁判,""
2757,夢,梦
2758,詩人,诗人
2759,死人,""
2760,旋律,""
2761,ハープ,竖琴
2762,ポエム,诗篇
2763,モザイク,马赛克
2764,ソング,歌曲
2765,ロンド,朗多
2766,サウンド,声音
2767,メモリアル,纪念
2768,フォーチュン,幸运
2769,レクイエム,镇魂曲
2770,ハーモニー,和谐
2771,バンシィ,报丧女妖
2772,ミレニアム,千年
2773,ローレライ,罗蕾莱
2774,オメガの竪琴,欧米伽竖琴
2775,レインボーハープ,彩虹竖琴
2776,冥琴アヌビス,冥琴阿努比斯
2777,アポロン・ケイオス,阿波罗・混沌
2778,ワールドドロウン,世界沉没者
2779,禁じられたハープ,禁忌之琴
2851,円輪,圆轮
2852,輪,""
2853,翼,""
2854,星,""
2855,月,""
2856,太陽,太阳
2857,飛燕,飞燕
2858,飛鷹,飞鹰
2859,大三角,""
2860,三日月,新月
2861,ブーメラン,回旋镖
2862,エッジ,刃
2863,イーグル,鹰
2864,ホーク,隼
2865,スワロー,燕
2866,チャクラム,查克拉姆
2867,ウィング,翅膀
2868,ムーン,月亮
2869,サン,桑
2870,スター,星星
2871,不倶戴天,不共戴天
2872,奇跡の三日月,奇迹的三日月
2873,カナデブーメラン,祸抚飞镖
2874,ナノアセンブラ,纳米装配器
2875,オサカナウェポン,鱼武器
2876,トリニティエッジ,三位一体之刃
2877,ブーメランオブギャラクシー,银河飞镖
2878,カリ・ユガ,卡利・尤加
2879,詠眠輪ヒュプノス,咏眠轮修普诺斯
2880,死柱輪タナトス,死柱轮塔纳托斯
2951,鉄球,铁球
2952,破壊,破坏
2953,野生,""
2954,本能,""
2955,失墜,失坠
2956,重圧,重压
2957,巨岩,""
2958,流星,""
2959,彗星,""
2960,破軍,破军
2961,フレイル,链枷
2962,ブレイク,破坏
2963,ダスト,尘埃
2964,ワイルド,狂野
2965,ロック,岩石
2966,ヘヴィ,沉重
2967,クレーター,陨石坑
2968,メテオ,陨石
2969,クラッシャー,粉碎者
2970,インフェルノ,地狱
2971,天帝球,""
2972,カタストロフィ,大灾难
2973,サーペンタリウス,蛇神
2974,ガイアロード,盖亚主宰
2975,ジェノサイドブレイカー,灭绝破坏者
2976,邪神の鉄球,邪神铁球
2977,滅神球,灭神球
2978,巨蛇球ヨルムンガンド,巨蛇球耶梦加得
2979,覇球ミドガルズオルム,霸球尘世巨蟒
3051,扇,扇
3052,舞い,舞
3053,はりせん,刺猬
3054,ツッコミ,吐槽
3055,怪鳥,怪鸟
3056,巫女,""
3057,風扇,风扇
3058,土扇,""
3059,水扇,""
3060,幻,""
3061,ファン,扇子
3062,ダンス,舞蹈
3063,ダンサー,舞者
3064,ステップ,步法
3065,タンゴ,探戈
3066,ワルツ,华尔兹
3067,フェザー,羽毛
3068,タイフーン,台风
3069,スプラッシュ,溅射
3070,スカイ,天空
3071,シラクサ,白砂
3072,風林火山,风林火山
3073,月喰い,月食
3074,白面金毛九尾扇,""
3075,アスタロトドリーム,阿斯塔洛特之梦
3076,月と太陽・天地明察,月与太阳・天地明察
3077,常陽扇アマテラス,常阳扇天照
3078,月禁扇ツクヨミ,月禁扇月读
3079,ダークフェニックス,黑暗凤凰
3151,包丁,菜刀
3152,料理,""
3153,美酒,""
3154,料理店,""
3155,先輩,前辈
3156,満腹,饱腹
3157,飽食,饱食
3158,晩餐,晚餐
3159,料理人,厨师
3160,美食,""
3161,クッキング,烹饪
3162,ランチ,午餐
3163,ディナー,晚餐
3164,メニュー,菜单
3165,コック,厨师
3166,デザート,甜点
3167,レストラン,餐厅
3168,デリシャス,美味
3169,オードブル,开胃菜
3170,ハーヴェスト,丰收
3171,満天星,满天星
3172,アルトツヴァイ,阿尔特茨维
3173,セブンスターナイフ,七星小刀
3174,那由多の神おろし,那由多的神斩
3175,ブギーマン,布吉曼
3176,七つの大罪・暴食,七宗罪・暴食
3177,豊伽刃ヘスティア,丰伽刃赫斯提亚
3251,そろばん,算盘
3252,商人,""
3253,就職,就业
3254,面接,面试
3255,会社員,公司职员
3256,残業,加班
3257,企業,企业
3258,富豪,""
3259,取引,交易
3260,贅沢,奢侈
3261,キャッシュ,现金
3262,ビジョン,愿景
3263,ストア,商店
3264,トレード,贸易
3265,ビジネス,商业
3266,マネー,金钱
3267,カンパニー,公司
3268,ミリオネア,百万富翁
3269,マネジメント,管理
3270,プレジデント,总裁
3271,石油王,石油大亨
3272,オルタナティブ,替代
3273,タックスヘイヴン,避税天堂
3274,富岳,""
3275,聖算具ソフィア,圣算具索菲亚
3276,ヴァンピールリッチ,吸血鬼贵族
3277,神算盤ヘルメス,神算盘赫尔墨斯
3278,七つの大罪・強欲,七宗罪・贪婪
3351,医刀,""
3352,医師,医师
3353,感染,""
3354,変態,变态
3355,先生,""
3356,看護婦,看护妇
3357,実験,实验
3358,禁忌,""
3359,解剖,""
3360,手術,手术
3361,メス,手术刀
3362,オペ,手术
3363,アナトミー,解剖
3364,ストーカー,跟踪狂
3365,サイコパス,精神病患者
3366,ナース,护士
3367,ドクター,医生
3368,ハザード,危险
3369,メディック,医疗
3370,アナトミア,解剖学
3371,アウトブレイク,爆发
3372,ヒポクラテスの誓い,希波克拉底誓言
3373,ヘルヘイム,地狱海姆
3374,サージャンブレイドΩ,军刀Ω
3375,アルテイストの誇り,阿尔泰斯特的荣耀
3376,癒水刃ブリギット,治愈水刃布里奇德
3451,札,""
3452,手品,魔术
3453,博徒,赌徒
3454,羨望,羡慕
3455,嫉妬,嫉妒
3456,生贄,祭品
3457,栄華,荣华
3458,偶像,""
3459,遊戯,游戏
3460,強欲,贪婪
3461,カード,卡牌
3462,トランプ,扑克牌
3463,ロリコン,萝莉控
3464,ポーカー,扑克
3465,ジェラシー,嫉妒
3466,デッキ,卡组
3467,タロット,塔罗
3468,トリック,诡计
3469,ゲーム,游戏
3470,ギャンブル,赌博
3471,デッドマンズハンド,死人之手
3472,ジョーカー,小丑
3473,魂のデュエリスト,魂之决斗者
3474,ファンタジスタ,幻想师
3475,光と闇のカード,光与暗的卡牌
3476,太極陰陽混沌札,太极阴阳混沌符
3477,フェアリーカーニバル,妖精嘉年华
3478,覇禁札ラー,霸禁符拉
3479,七つの大罪・怠惰,七宗罪・怠惰
3551,皿,盘
3552,食器,""
3553,客,""
3554,幼馴染み,青梅竹马
3555,宴,""
3556,いたずら,恶作剧
3557,戯れ,只是玩乐
3558,給仕,侍者
3559,執事,管家
3560,奉仕,侍奉
3561,トレイ,托盘
3562,ディッシュ,碟子
3563,メイド,女仆
3564,ドラマ,戏剧
3565,ファミリー,家庭
3566,ゲスト,客人
3567,パーティ,队伍
3568,メイデン,梅登
3569,プレイ,Play
3570,サーヴァント,仆人
3571,ハイノーブル,高贵
3572,スペリオル,卓越
3573,蛸蝕祭,章鱼吞噬祭
3574,究極麗皿・雪月花,究极丽盘・雪月花
3575,馘華皿サロメ,斩首盘撒罗默
3576,狂酔皿ディオニュソス,狂醉盘狄俄尼索斯
3577,ルミナスレジェンド,光辉传说
3578,デメテル,德墨忒尔
3579,五穀皿・神農,五谷盘・神农
3651,魔導書,魔导书
3652,数式,""
3653,大学,""
3654,大辞典,""
3655,写本,手抄本
3656,学園,学院
3657,立法,""
3658,知識,知识
3659,教典,""
3660,全書,全书
3661,ブック,书
3662,メッセージ,消息
3663,アカデミア,学院
3664,エイリアン,外星人
3665,オカルト,神秘学
3666,リテラシー,读写能力
3667,サイエンス,科学
3668,ワールド,世界
3669,レメゲトン,雷梅格顿
3670,ネクロノミコン,死灵之书
3671,第九絶滅,第九绝灭
3672,プリンキピア,原理
3673,プロメテウス,普罗米修斯
3674,ブック・オブ・エターナル,永恒之书
3675,トリスメギストス,三重伟大
3676,インフィニティセンス,无限感知
3677,グノーシス黙示録,格诺西丝默示录
3678,カオスレコード,混沌记录
3679,カーマスートラ,卡玛斯特拉
3680,邪神覇皇の書,邪神霸皇之书
3681,全てを識る者,全知者
3751,銃,铳
3752,鉄砲,火枪
3753,拳銃,手铳
3754,機関銃,机关铳
3755,狙撃手,狙击手
3756,射手,""
3757,兵器,""
3758,決闘,决斗
3759,聖弾,圣弹
3760,魔弾,魔弹
3761,ガン,枪
3762,カノン,加农
3763,スナイパー,狙击手
3764,マスケット,滑膛枪
3765,ショット,射击
3766,システム,系统
3767,ライフル,步枪
3768,バースト,爆裂
3769,ウェポン,武器
3770,ハードボイルド,硬汉
3771,エグゼター,执行者
3772,冥府の魔銃,冥府魔铳
3773,エクゼキューショナー,执行官
3774,傀儡炸筒・影瑠璃,傀儡炸筒・影琉璃
3775,ドゥームズデイ,末日审判
3776,ブラッディアームズ,血腥武器
3777,真アルティメイトマスケット,真究极滑膛枪
3778,禁霊銃ネピリム零式,禁灵铳拿非利零式
3779,讐霊銃ネメシス終式,仇灵铳涅墨西斯终式
3780,シンギュラリティ,奇点
3781,傀儡炸筒・紬舞,傀儡炸筒・䌷舞
3851,淫具,""
3852,悦び,愉悦
3853,搾取,榨取
3854,愛,爱
3855,接吻,""
3856,交わり,交合
3857,誘惑,诱惑
3858,恍惚,""
3859,昇天,升天
3860,絶頂,绝顶
3861,ハンド,手
3862,ホール,洞
3863,キス,亲吻
3864,レイプ,强奸
3865,スキン,皮肤
3866,セックス,性爱
3867,ドレイン,吸血
3868,ドリーム,梦
3869,サキュバス,魅魔
3870,ラブ,爱
3871,失楽,失乐
3872,疾風セレナーデ,疾风小夜曲
3873,絶淫拳,绝淫拳
3874,くのいちの妖壺,女忍的妖壶
3875,無限悪夢,无限恶梦
3876,サイコエクセント,念动超凡
3877,淫欲禍アフロディーテ,淫欲祸阿佛洛狄忒
3878,イシスの聖膣,伊西丝的圣穴
3879,ディストピア,绝望
3880,七つの大罪・色欲,七宗罪・色欲
3951,C*-環,C*-环
3952,非可換幾何,非交换几何
3953,量子カオス,量子混沌
3954,T=hc^3/8πkGM,""
3955,ΑΩ,""
3956,カオスローズ,混沌蔷薇
3957,混沌創世,混沌创世
3958,天軍零剣,天军零剑
3959,核熱明星,核热明星
3960,ロンギヌスXXVIII,朗基努斯XXVIII
3961,ワンダーランド・ナイトメア,仙境・噩梦
3962,悪夢XXX-XXX,""
3963,胡蝶の夢,蝴蝶之梦
4051,ヴォーパルの剣,沃帕尔之剑
4052,ガンバンテイン,甘班特因
4053,蝕天弓デスペラーティオ,蚀天弓迪斯佩拉蒂奥
4054,夢天杖アダフェラ,梦天杖阿达菲拉
4055,覇天拳ヴィオレンティア,霸天拳维奥伦蒂亚
4056,秩序と露悪の歪杖,秩序与露恶的扭曲法杖
4057,リジェオ☆パラソル,莉洁奥☆阳伞
4058,支配の女王,支配的女王
4059,MTTKスペシャル,MTTK特备
4060,博識の杖,博识之杖
4061,魔浄扇,魔净扇
4062,ランパスウィップ,兰帕丝鞭
4063,攻撃ユニットPoN-10,攻击单元PoN-10
4064,九龍・玉石,九龙・玉石
4065,絶倫坊主の数珠,绝伦和尚的念珠
4066,墜龍牙,坠龙牙
4067,破杖・えびる,破杖・邪
4068,ヘイトスレイヤー,仇恨屠戮者
4069,マギ・ガントレット,玛吉・钢手套
4070,マギ・クロー,玛吉・爪
4071,禁術の杖,禁术之杖
4072,別雲剣,别云剑
4073,クレセントサイダー,死神之镰
4074,魔剣エクスキューショナー,魔剑行刑者
4075,魔剣オーガトゥース,魔剑斩裂者
4076,魔剣ミステルテイン,魔剑弑神者
4077,莫邪宝剣,莫邪宝剑
4081,高出力電磁ブレード,高输出电磁刀片
4082,ムーンナイフ,月之小刀
4083,聖皇のナイフ,圣皇制小刀
4084,闇皇のナイフ,暗皇制小刀
4085,フレイダガー・ホムラ,弗雷匕首・焰
4086,フレイヤダガー・シヴァ,芙蕾雅匕首・湿婆
4087,月下吸血姫,月下吸血姬
4088,エリヤのダガー,以利亚之匕首
4089,ロキのダガー,洛基之匕首
4090,月虹のナイフ,月虹制小刀
4091,熱風剣ドラグネスウィンド,热风剑德拉格尼斯风
4092,義賊の宝剣,义贼的宝剑
4093,誘惑剣アシュモラ,诱惑剑阿什莫拉
4094,無のナイフ,無制小刀
4095,エンドオブアサシン,暗杀者之终
4096,夜の女王,夜之女王
4097,魔剣グラム,魔剑格拉墨
4098,マハーデーヴィー,玛哈・德维
4099,七つの大罪・傲慢,七宗罪・傲慢
4100,慈悲と裁き,慈悲与裁决
4101,炎風刃フレイ,炎风刃弗雷
4102,凍水刃フレイヤ,冻水刃芙蕾雅
4103,イオンブレード,离子剑
4104,最後のナイフ,最终之小刀
4105,聖嗣刃エリヤ,圣嗣刃以利亚
4106,凍戯刃ロキ,冻戏刃洛基
4107,魔閃剣グラム,魔闪剑格拉墨
4109,スカイクルセイダー,天空骑士
4110,陰陽神剣,阴阳神剑
4111,魔剣サクバス,魔剑萨库巴斯
4112,堕剣エンジェルハイロウ,堕剑天使之环
4113,廃剣エンジェルハイロウ,废剑天使之环
4114,記憶の剣,记忆之剑
4115,勇者の剣,勇者之剑
4116,ジークフリートの剣,齐格弗里德之剑
4117,ヘイムダルの剣,海姆达尔之剑
4118,女神剣ゴッドハイロウ,女神剑神明之环
4119,月虹の剣,月虹制剑
4120,アークエンハンス,大强化
4121,堕剣レムルサクバス,堕剑雷姆尔萨库巴斯
4122,陰陽五行相剋,阴阳五行相克
4123,ナイトフライヤ,夜行者
4124,マスターソード,大师之剑
4125,不朽剣ジークフリート,不朽剑齐格弗里德
4126,天韻剣ヘイムダル,天韵剑海姆达尔
4127,暗黒剣エンドハイロウ,暗黑剑终焉之翼
4128,混沌剣カオスハイロウ,混沌剑混沌之翼
4130,無限破壊の剣,无限破坏之剑
4131,エルフの宝剣,精灵的宝剑
4132,ハインリヒ凝結剣,海因里希凝结剑
4133,聖皇の剣,圣皇制剑
4134,闇皇の剣,暗皇制剑
4135,奇跡の光剣,奇迹之光剑
4136,草薙の剣・招雪招雷,草薙之剑・招雪招雷
4137,はかぶさの剣,破隼之剑
4138,ギルガメシュの剣,吉尔伽美什之剑
4139,クロノスの剣,柯罗诺斯之剑
4140,天軍回帰の剣,天军回归之剑
4141,聖剣エクスカリバー,圣剑断钢剑
4142,アロンダイトディフェンダー,阿隆戴特防御者
4143,エルフィンブリンガー,精灵之剑
4144,騎士王剣,骑士王剑
4145,聖剣エンジェルスター,圣剑天使之星
4146,魔剣ドラゴンロード,魔剑龙之主宰
4147,無の剣,無制剑
4148,英雄剣ハインリヒ,英雄剑海因里希
4149,極・隼の剣,极・隼之剑
4150,轟天はかぶさ,轰天羽羽斩
4151,獅子王剣,狮子王剑
4152,輝鏡剣ペルセウス,辉镜剑珀尔修斯
4153,名状しがたき剣,不可名状之剑
4154,インフィニティ,无限
4155,カンナギ,神薙
4156,虚竜,虚龙
4157,最後の剣,最终之剑
4158,黎明剣ギルガメシュ,黎明剑吉尔伽美什
4159,万廻剣クロノス,万回剑柯罗诺斯
4160,聖皇剣エクスカリバー,圣皇剑断钢剑
4161,カオスブレイド,混沌之刃
4162,最終英雄剣ハインリヒ,最终英雄剑海因里希
4163,天軍聖剣,天军圣剑
4164,英雄剣イデア・ルカス,英雄剑伊迪亚・鲁卡斯
4166,斬鉄剣・凶星,斩铁剑・凶星
4167,グランドタイタス,大地泰坦
4168,巨剣シヴァ,巨剑湿婆
4169,巨剣アレス,巨剑阿瑞斯
4170,斬釘截鉄,斩钉截铁
4171,聖剣マキシマムタイタス,圣剑麦克斯姆泰坦
4172,斬鉄剣・星旺,斩铁剑・星旺
4173,魔剣バスタードオメガ,魔剑混种欧米伽
4174,リベリオン,叛乱
4175,ドレッドノート,恐惧号
4176,斬鉄剣・曙光,斩铁剑・曙光
4177,レーヴァテイン,莱瓦汀
4178,紅剣アドラメレク,红剑阿德拉梅莱克
4179,滅神剣シヴァ,灭神剑湿婆
4180,覇業剣アレス,霸业剑阿瑞斯
4181,輝熱剣レーヴァテイン,辉热剑莱瓦汀
4182,紅星剣クレオ・アドラ,红星剑克莱奥・阿德拉
4183,魔神剣リベリオン,魔神剑叛逆
4185,ダイヤモンドダスト,钻石星尘
4186,光のサーベル,光之佩剑
4187,闇華,暗华
4188,インフィニティノーブル,无限贵族
4189,魔獣牙剣,魔兽牙剑
4190,聖皇のレイピア,圣皇制细剑
4191,闇皇のレイピア,暗皇制细剑
4192,闇千兎,暗千兔
4193,幻獣牙剣,幻兽牙剑
4194,三魔轟天,三魔轰天
4195,メルクリウス,墨丘利
4196,ブリュンヒルド,布伦希尔德
4197,ブラッディローズ・アリス,血腥蔷薇・爱丽丝
4198,魔剣アリスフィーズ,魔剑爱丽丝菲兹
4199,月虹のレイピア,月虹制细剑
4200,ソレイユ,曙光
4201,シルバーローズ,银蔷薇
4202,闇薔薇,暗蔷薇
4203,聖竜千鳥,圣龙千鸟
4204,夢牙,梦牙
4205,無のレイピア,無制细剑
4206,三魔滅天,三魔灭天
4207,闇の接吻,暗之吻
4208,アンファンテリブル,不可侵犯
4209,ダークドリーム,黑暗梦境
4210,黙示の尖剣,默示的尖剑
4211,最後のレイピア,最终之细剑
4212,流炎剣メルクリウス,流炎剑墨丘利
4213,氷魂剣ブリュンヒルド,冰魂剑布伦希尔德
4214,魔皇剣ブラッディローズ,魔皇剑血腥蔷薇
4215,邪神剣アリスフィーズ,邪神剑爱丽丝菲兹
4217,三魔四精,""
4218,エンドフォース,终焉之力
4219,カオティック,混沌
4220,魔王殺し,魔王杀手
4221,忘れられた魔導王の剣,被遗忘的魔导王之剑
4222,アークフォース,阿克福斯
4223,宝剣・三魔四精,宝剑・三魔四精
4224,ホワイトアリア,白之咏叹调
4225,漆黒の魔剣,漆黑魔剑
4226,魔王殺し・改,魔王杀手・改
4227,V.,""
4228,黄龍聖剣,黄龙圣剑
4229,四精魔剣,四精灵魔剑
4230,滅身剣クラウ・ソラス,灭身剑克拉乌・索拉斯
4231,呪叫剣テュルフィング,咒叫剑提尔锋
4232,無詠剣エテメンアンキ,无咏剑七曜塔
4233,魔王殺し・終式,魔王杀手・终式
4235,天使兵の槍,天使兵的枪
4236,天使兵の槍・改,天使兵的枪・改
4237,レギオン,军团
4238,チェンタウロ,半人马之枪
4239,エンジェルハイ,天使之枪
4240,自作ガンランス,自制铳枪
4241,エンジェルドラグーン,天使龙枪
4242,ヒルコの槍,水蛭之枪
4243,真・風槍シルフ,真・风枪希尔芙
4244,月虹の槍,月虹制枪
4245,アルファケンタウリ,阿尔法半人马
4246,天沼矛,""
4247,自作ガンランス・改,自制铳枪・改
4248,聖槍ドミニオン,圣枪多米尼翁
4249,蝕魔蛭蟲槍,蚀魔蛭虫枪
4250,真・絶風槍シルフ,真・绝风枪希尔芙
4251,クロックスカイ,时钟天空
4252,ガンランスΩ,铳枪Ω
4254,聖皇の槍,圣皇制枪
4255,闇皇の槍,暗皇制枪
4256,真・戦乙女の槍,真・女武神之枪
4257,守護者の重槍,守护者之重枪
4258,ポセイドンの矛,波塞冬之矛
4259,ゲイボルグ,千棘刺之枪
4260,方天画戟・無双,方天画戟・无双
4261,ヴァルキュリア,女武神
4262,聖槍ロンギヌス・ダブル,圣枪朗基努斯・双
4263,無の槍,無制枪
4264,ファランクス,方阵
4265,銀河槍,银河枪
4266,グングニル,冈格尼尔
4267,飛黒輝,飞黑辉
4268,クルセイダー,十字军
4269,侵蝕されたロンギヌス,被侵蚀的朗基努斯
4270,幾星槍,几星枪
4271,聖槍ロンギヌス・トリプル,圣枪 朗基努斯・三重
4272,最後の槍,最终之枪
4273,蒼海矛ポセイドン,苍海矛 波塞冬
4274,滅穿槍ゲイボルグ,灭穿枪千棘刺之枪
4275,覇界槍グングニル,霸界枪 冈格尼尔
4277,天叢雲・神斬,天丛云・神斩
4278,天誅,天诛
4279,夢幻水鏡,梦幻水镜
4280,月下美人・花吹雪,""
4281,調伏千刃,调伏千刃
4282,無限日輪刀,无限日轮刀
4283,花蛇神楽,花蛇神乐
4284,無銘四光,无名四光
4285,無尽無銘,无尽无名
4286,七支刀,""
4287,スサノオの刀,须佐之男的刀
4288,真・水刀ウンディーネ,真・水刀温蒂妮
4289,七星剣,七星剑
4290,月虹の刀,月虹制刀
4291,無尽無銘・詠人不知,无尽无名・咏人不知
4292,天剣天誅,天剑天诛
4293,五光,""
4294,無の刀,無制刀
4295,鍾馗,钟馗
4296,フツノミタマ,普通之魂
4297,雷切,""
4298,鏡水,镜水
4299,塵桜,尘樱
4300,邪皇七星剣,邪皇七星剑
4301,真・鏡水刀ウンディーネ,真・镜水刀温蒂妮
4302,最後の刀,最终之刀
4303,九魂七支刀,""
4304,暴雄刀スサノオ,暴雄刀须佐之男
4305,統皇刀フツノミタマ,统皇刀布都御魂
4306,蚩尤,""
4308,即斬即殺,即斩即杀
4309,極界・流星,极界・流星
4310,斬影・聖魔,斩影・圣魔
4311,聖皇の刃,圣皇制刃
4312,闇皇の刃,暗皇制刃
4313,闇斬魔殺,暗斩魔杀
4314,神斬天殺,神斩天杀
4315,イザナギの小太刀,伊邪那岐的小太刀
4316,イザナミの小太刀,伊邪那美的小太刀
4317,月虹の刃,月虹制刃
4318,聖魔流星,圣魔流星
4319,斬神斬魔,斩神斩魔
4320,狐影,""
4321,無の刃,無制刃
4322,狂悦,""
4323,羅刹,罗刹
4324,修羅,修罗
4325,破邪・干将,""
4326,神祁・莫耶,""
4327,最後の刃,最终之刃
4328,死刻刃イザナミ,死刻刃伊邪那美
4329,生刻刃イザナギ,生刻刃伊邪那岐
4330,朧星,胧星
4332,螺旋鉄甲,螺旋铁甲
4333,天誅螺旋鉄甲,天诛螺旋铁甲
4334,淫魔鉄拳・夜華,淫魔铁拳・夜华
4335,フレデリカ兵装VIII式,芙蕾德莉卡兵装VIII式
4336,聖皇の爪,圣皇制爪
4337,闇皇の爪,暗皇制爪
4338,最終獣爪,最终兽爪
4339,轟拳ダークブラスト,轰拳暗爆
4340,冥王の拳,冥王之拳
4341,グラビディハンド・ゼロ,重力拳套・零
4342,アグニの拳,阿耆尼之拳
4343,キュベレの拳,西布莉之拳
4344,真・炎拳サラマンダー,真・炎拳萨拉曼达
4345,魔王拳デモンズハート,魔王拳恶魔之心
4346,月虹の爪,月虹制爪
4347,格闘王・不敗蒼華,格斗王・不败苍华
4348,明鏡止水の拳,明镜止水的拳
4349,七色魔爪,""
4350,最終冥王拳,最终冥王拳
4351,聖爪バロン,圣爪巴隆
4352,無の爪,無制爪
4353,ヴィジランテ,维吉兰特
4354,ウルヴァリン,狼人
4355,死亡遊戯,死亡游戏
4356,カイザーハート,凯撒之心
4357,フレデリカ兵装XIII終式,芙蕾德莉卡兵装XIII终式
4358,真・灼炎拳サラマンダー,真・灼炎拳萨拉曼达
4359,グラビティハンドΩ,重力之手Ω
4360,デストロフィスト,死亡破坏拳
4361,白兎の爪,白兔的爪
4362,最後の爪,最终之爪
4363,獄炎拳アグニ,狱炎拳阿耆尼
4364,地母拳キュベレ,地母拳西布莉
4365,邪神拳ソウルジハード,邪神拳灵魂圣战
4366,白廻爪アピロ・ラゴス,白回爪阿皮洛・拉戈斯
4368,狂獣の牙,狂兽之牙
4369,ファング・オズマトロン,芬格・奥兹马特隆
4370,聖皇の牙,圣皇制牙
4371,闇皇の牙,暗皇制牙
4372,最終獣牙,最终兽牙
4373,アポカリプス・ワンダー,启示录・奇迹
4374,フェンリルの牙,芬里尔之牙
4375,バハムートの牙,巴哈姆特之牙
4376,月虹の牙,月虹制牙
4377,ルー・ガルー,鲁・加鲁
4378,神祖の牙,神祖之牙
4379,無の牙,無制牙
4380,Tレックス,T雷克斯
4381,ゲシュタルト,格式塔
4382,ドラゴンクライ,龙之咆哮
4383,裂帛,""
4384,四聖西覇白虎の牙,四圣西霸白虎之牙
4385,最後の牙,最终之牙
4386,終狼牙フェンリル,终狼牙芬里尔
4387,覇竜牙バハムート,霸龙牙巴哈姆特
4388,虚牙,""
4389,アポカリプス・アリス,启示录・爱丽丝
4391,聖皇の斧,圣皇制斧
4392,闇皇の斧,暗皇制斧
4393,牛魔王の斧,牛魔王之斧
4394,聖斧アトラス,圣斧阿特拉斯
4395,イスカンダルの斧,伊斯坎达尔之斧
4396,グラシャラボラスの斧,格剌希亚拉波斯之斧
4397,真・土斧ノーム,真・土斧诺姆
4398,月虹の斧,月虹制斧
4399,マックスブレイカー,最大破坏者
4400,オメガベルセルク,欧米伽狂怒战士
4401,ナノ分解魔神斧,纳米分解魔神斧
4402,冥府斧,冥府之斧
4403,無の斧,無制斧
4404,聖斧アトラスクロス,圣斧阿特拉斯十字
4405,九首牛魔羅王,九首牛魔罗王
4406,冥帝斧,""
4407,巨人の遺産,巨人之遗产
4408,真・烈土斧ノーム,真・烈土斧诺姆
4409,星割り,星碎
4410,最後の斧,最终之斧
4411,征服斧イスカンダル,征服斧伊斯坎达尔
4412,蹂躙斧グラシャラボラス,蹂躏斧格剌希亚拉波斯
4414,鬼神棍棒,""
4415,那由多螺旋如意棒,""
4416,超奇跡の棍,超奇迹之棍
4417,記憶の棍棒,记忆的棍棒
4418,聖皇のハンマー,圣皇制锤
4419,闇皇のハンマー,暗皇制锤
4420,女神の棍,女神之棍
4421,死界樹のハンマー,死界树之锤
4422,ヘラクレスの棍棒,赫拉克勒斯之棍
4423,ダグザの棍棒,达格达之棍
4424,天魔神殺如意棒,天魔神杀如意棒
4425,月虹のハンマー,月虹制锤
4426,聖棍ギルアンヘル,圣棍吉尔安赫尔
4427,ペルセポネー,珀耳塞福涅
4428,オライオン,奥拉昂
4429,無のハンマー,無制锤
4430,鬼哭,""
4431,虚無金槌,虚无金槌
4432,七つの大罪・憤怒,七宗罪・愤怒
4433,星喰い,星喰
4434,クロマニヨン,克罗玛尼翁
4435,四海大聖如意棒,四海大圣如意棒
4436,輪廻の棍棒,轮回之棍棒
4437,最後のハンマー,最终之锤
4438,憤怒棍ヘラクレス,愤怒棍 赫拉克勒斯
4439,英傑棍ダグザ,英杰棍达格达
4440,雷神のミョルニル,雷神之锤
4441,零の龍角,零之龙角
4442,輪廻棍エクスソニア,轮回棍 艾克斯索尼娅
4444,妖狩斬魂鎌,妖狩斩魂镰
4445,蒼魔の万鎌,苍魔的万镰
4446,ヘルクリムゾン,地狱绯红
4447,聖皇の鎌,圣皇制镰
4448,闇皇の鎌,暗皇制镰
4449,万魂陰陽鎌,万魂阴阳镰
4450,ジエンドシックル,杰恩多刺骨镰
4451,ハデスの鎌,哈迪斯之镰
4452,ヘルの鎌,海拉之镰
4453,月虹の鎌,月虹制镰
4454,滅・妖狩斬魂鎌,灭・妖狩斩魂镰
4455,ヘルソウル,地狱灵魂
4456,無の鎌,無制镰
4457,黒の魔奏,黑色魔奏
4458,あやかし蒼魔,妖异苍魔
4459,克己覇道,克己霸道
4460,死神の鎌,死神之镰
4461,最後の鎌,最终之镰
4462,冥獄鎌ハデス,冥狱镰哈迪斯
4463,光獄鎌ヘル,光狱镰海拉
4464,冥府黄泉舞鎌,冥府黄泉舞镰
4465,シュレディンガー,薛定谔
4466,永劫と終焉の鎌,永劫与终焉之镰
4467,黒廻鎌ニフタ・テロス,黑回镰尼菲特・泰罗斯
4469,シャインマーメイド,闪耀人鱼
4470,聖皇の杖,圣皇制杖
4471,闇皇の杖,暗皇制杖
4472,女神の杖,女神之杖
4473,シャイントリニティ,闪耀混沌
4474,デミウルゴスXX,迪米乌哥斯XX
4475,ホルスの杖,荷鲁斯之杖
4476,トトの杖,托特之杖
4477,月虹の杖,月虹制杖
4478,アルテマトリニティ,最终合一
4479,乙姫,乙姬
4480,オーバーエリシクル,超艾利西克
4481,無の杖,無制杖
4482,コスモス,宇宙神蝶
4483,デミウルゴス∞,迪米乌哥斯∞
4484,1000と1の杖,1000与1的杖
4485,ゼウスの雷霆,宙斯之雷霆
4486,オメガアデプタス,欧米伽适配者
4487,アヴェ・マリア,圣母玛利亚
4488,最後の杖,最终之杖
4489,神鳴杖ホルス,神鸣杖荷鲁斯
4490,誓刻杖トト,誓刻杖托特
4491,神雷杖ゼウス,神雷杖宙斯
4492,マグニフィセントワン,壮丽一击
4494,ポルターガイスト,波尔塔加斯特
4495,ハイプリンセスガード,高阶公主护卫
4496,魔法少女のロッド,魔法少女的法杖
4497,インフィニティクロニクル,无限编年史
4498,魔女のロッド,魔女的法杖
4499,メテオロッド,陨石法杖
4500,侵蝕されたロッド,被侵蚀的法杖
4501,聖皇のロッド,圣皇制法杖
4502,闇皇のロッド,暗皇制法杖
4503,カオスドラグナー,混沌龙枪
4504,カオスウィザード,混沌巫师
4505,ブラフマーロッド,梵天之法杖
4506,アーリマンロッド,阿里曼法杖
4507,アリスクロニクル,爱丽丝编年史
4508,月虹のロッド,月虹制法杖
4509,アルテマドラグナー,究极龙骑士
4510,ゴーストファンタスティック,幽灵幻想
4511,マスターワーム,大师蠕虫
4512,ツインスパークル,双闪烁
4513,無のロッド,無制法杖
4514,セイブザクィーン,拯救女王
4515,アポクリファ,伪典
4516,究極魔法少女のロッド,究极魔法少女的法杖
4517,聖杖メシアン,圣杖弥赛亚
4518,夢真彗星,梦真彗星
4519,黙示の刻,默示之刻
4520,アルテマウィザード,究极魔法师
4521,最後のロッド,最终之法杖
4522,創世杖ブラフマー,创世杖梵天
4523,虐悪杖アーリマン,虐恶杖阿里曼
4524,ガンマトロン,伽马托隆
4525,邪皇杖カオスクロニクル,邪皇杖混沌编年史
4527,堕天使の弓矢,堕天使之弓
4528,与一の弓・黄泉,与一之弓・黄泉
4529,真・滅竜弓,真・灭龙弓
4530,無限の弓矢,无限之弓箭
4531,聖皇の弓,圣皇制弓
4532,闇皇の弓,暗皇制弓
4533,全魔の狩人,全魔猎人
4534,アルテマキラー,究极杀手
4535,ヴィシュヌの弓,毗湿奴之弓
4536,インドラの弓,因陀罗之弓
4537,明星の弓矢,明星之弓
4538,聖弓イリアス,圣弓伊莉娅丝
4539,月虹の弓,月虹制弓
4540,滅竜神弓,灭龙神弓
4541,エルフィンオルド,精灵之弓
4542,無の弓,無制弓
4543,ハンターオブハンター,猎人之猎人
4544,イリアスハート,伊莉娅丝之心
4545,黄泉ノ星,黄泉之星
4546,アポカリプスキラー,末日杀手
4547,侵蝕蛭蟲弓,侵蚀蛭虫弓
4548,最後の弓,最终之弓
4549,滅魔弓ヴィシュヌ,灭魔弓毗湿奴
4550,雷帝弓インドラ,雷帝弓因陀罗
4551,輝月弓アルテミス,辉月弓阿尔忒弥斯
4552,EMPC,""
4553,明星聖弓,明星圣弓
4554,創世弓イリアスハート,创世弓伊莉娅丝之心
4556,烈火覇竜鞭,烈火霸龙鞭
4557,女王の蛇鞭,女王蛇鞭
4558,聖皇の鞭,圣皇制鞭
4559,闇皇の鞭,暗皇制鞭
4560,六頭竜,六头龙
4561,断罪の鞭,断罪之鞭
4562,コメットレイン,彗星雨
4563,ペンテシレアの鞭,彭忒西勒亚之鞭
4564,アルテミシアの鞭,阿尔忒弥西亚之鞭
4565,リリスロード,莉莉丝主宰
4566,封神禁鞭,""
4567,月虹の鞭,月虹制鞭
4568,ルミナスレイン,光之雨
4569,万年樹鞭,万年树鞭
4570,竜鞭クィーンロード,龙鞭女王主宰
4571,沙羅双樹,沙罗双树
4572,無の鞭,無制鞭
4573,聖鞭プリンシパリティ,圣鞭普林西帕利提
4574,女王の懲罰,女王的惩罚
4575,七つの大罪・嫉妬,七宗罪・嫉妒
4576,九頭竜,九头龙
4577,名状しがたき触手鞭,无法名状的触手鞭
4578,テンタクルヘル,触手地狱
4579,太極・封神禁鞭,太极・封神禁鞭
4580,リリスナイトメア,莉莉丝梦魇
4581,最後の鞭,最终之鞭
4582,螺神鞭ペンテシレア,螺神鞭彭忒西勒亚
4583,傾枷鞭アルテミシア,倾枷鞭阿尔忒弥西亚
4584,世喰鞭ウロボロス,世食鞭衔尾蛇
4585,ハドロンビュート,强子鞭
4587,インフィの竪琴,因菲的竖琴
4588,至福千年の竪琴,至福千年的竖琴
4589,アポロンのハープ,阿波罗的竖琴
4590,聖皇の竪琴,圣皇制竖琴
4591,闇皇の竪琴,暗皇制竖琴
4592,エレメンタルハープ,元素竖琴
4593,滅天の竪琴,灭天竖琴
4594,月虹の竪琴,月虹制竖琴
4595,レインボーハープ,彩虹竖琴
4596,バンシィ,报丧女妖
4597,ミレニアム,千年
4598,ワールドドロウン,世界沉没者
4599,無の竪琴,無制竖琴
4600,オメガの竪琴,欧米伽竖琴
4601,ローレライ,罗蕾莱
4602,禁じられたハープ,禁忌之琴
4603,冥琴アヌビス,冥琴阿努比斯
4604,最後の竪琴,最终之竖琴
4605,アポロン・ケイオス,阿波罗・混沌
4607,メカニカルサン,机械太阳
4608,彗星華々,彗星华丽
4609,ヒルコおさかなメラン,蛭虫鱼回旋镖
4610,ムーンスター,月星
4611,聖皇のブーメラン,圣皇制回旋镖
4612,闇皇のブーメラン,暗皇制回旋镖
4613,銀河天翔,银河天翔
4614,ラッキームーン,幸运月
4615,エッジエレメンツ,元素边缘
4616,ホーミングサン,追踪太阳
4617,ヒュプノスのブーメラン,修普诺斯之回旋镖
4618,タナトスのブーメラン,塔纳托斯之回旋镖
4619,ラストおさかなメラン,最后的鱼回旋镖
4620,月虹のブーメラン,月虹制回旋镖
4621,奇跡の三日月,奇迹的三日月
4622,アーネンエルベ,阿伦艾尔贝
4623,トリニティエッジ,三位一体之刃
4624,無のブーメラン,無制回旋镖
4625,不倶戴天,不共戴天
4626,ブーメランオブギャラクシー,银河飞镖
4627,カリ・ユガ,卡利・尤加
4628,ナノアセンブラ,纳米装配器
4629,最後のブーメラン,最终之回旋镖
4630,詠眠輪ヒュプノス,咏眠轮修普诺斯
4631,死柱輪タナトス,死柱轮塔纳托斯
4632,オサカナウェポン,鱼武器
4633,カナデブーメラン,祸抚飞镖
4635,蛇王の鉄球,蛇王的铁球
4636,大魔王の鉄球,大魔王的铁球
4637,聖皇の鉄球,圣皇制铁球
4638,闇皇の鉄球,暗皇制铁球
4639,蛇神の鉄球,蛇神的铁球
4640,滅天の鉄球,灭天的铁球
4641,聖王球,圣王球
4642,月虹の鉄球,月虹制铁球
4643,ジェノサイドブレイカー,灭绝破坏者
4644,サーペンタリウス,蛇神
4645,無の鉄球,無制铁球
4646,カタストロフィ,大灾难
4647,天帝球,""
4648,ミドガルズオルム,尘世巨蟒
4649,滅神球,灭神球
4650,最後の鉄球,最终之铁球
4651,巨蛇球ヨルムンガンド,巨蛇球耶梦加得
4652,覇球ミドガルズオルム,霸球尘世巨蟒
4653,ガイアロード,盖亚主宰
4654,邪神の鉄球,邪神铁球
4656,ハーピーの扇,哈比的扇
4657,太陽の扇,太阳的扇
4658,ステージアイドル,舞台偶像
4659,天翔扇,""
4660,九尾華扇,九尾华扇
4661,神霊月扇,神灵月扇
4662,芭蕉太陽扇,芭蕉太阳扇
4663,ガイアの扇,盖亚的扇
4664,聖皇の扇,圣皇制扇
4665,闇皇の扇,暗皇制扇
4666,天翔炎扇,""
4667,九尾絶扇,九尾绝扇
4668,月と太陽,月亮与太阳
4669,アマテラスの扇,天照之扇
4670,ツクヨミの扇,月读之扇
4671,サキュバスドリーム,魅魔之梦
4672,月虹の扇,月虹制扇
4673,シラクサ,白砂
4674,無の扇,無制扇
4675,風林火山,风林火山
4676,月喰い,月食
4677,ダークフェニックス,黑暗凤凰
4678,月と太陽・天地明察,月与太阳・天地明察
4679,アスタロトドリーム,阿斯塔洛特之梦
4680,最後の扇,最终之扇
4681,常陽扇アマテラス,常阳扇天照
4682,月禁扇ツクヨミ,月禁扇月读
4683,白面金毛九尾扇,""
4685,三つ星,三星
4686,破邪包丁,破邪菜刀
4687,キメラおろし,奇美拉切
4688,五つ星,五星
4689,マッドブッチャー,疯狂屠夫
4690,聖皇の包丁,圣皇制菜刀
4691,闇皇の包丁,暗皇制菜刀
4692,那由多斬り,那由多斩
4693,神おろし,神斩
4694,ヘスティアの包丁,赫斯提亚的菜刀
4695,月虹の包丁,月虹制菜刀
4696,セブンスターナイフ,七星小刀
4697,ブギーマン,布吉曼
4698,無の包丁,無制菜刀
4699,満天星,满天星
4700,アルトツヴァイ,阿尔特茨维
4701,七つの大罪・暴食,七宗罪・暴食
4702,那由多の神おろし,那由多的神斩
4703,最後の包丁,最终之菜刀
4704,豊伽刃ヘスティア,丰伽刃赫斯提亚
4706,マネーロンダリング,洗钱
4707,カルキュレーター,计算器
4708,女神のそろばん,女神的算盘
4709,聖皇のそろばん,圣皇制算盘
4710,闇皇のそろばん,暗皇制算盘
4711,カルキュレーター・極,计算灵・极
4712,カオスミリオネア,混沌百万富翁
4713,ヘルメスのそろばん,赫尔墨斯的算盘
4714,月虹のそろばん,月虹制算盘
4715,富岳,""
4716,ヴァンピールリッチ,吸血鬼贵族
4717,グローバルライツ,全球之光
4718,無のそろばん,無制算盘
4719,タックスヘイヴン,避税天堂
4720,聖算具ソフィア,圣算具索菲亚
4721,石油王,石油大亨
4722,七つの大罪・強欲,七宗罪・贪婪
4723,オルタナティブ,替代
4724,最後のそろばん,最终之算盘
4725,神算盤ヘルメス,神算盘赫尔墨斯
4727,傀儡師のメス,傀儡师的手术刀
4728,サージャンブレイド・オズマ,萨尔加姆布雷德・奥兹玛
4729,ブリギットの医刀,布里奇德之医刀
4730,聖皇のメス,圣皇制手术刀
4731,闇皇のメス,暗皇制手术刀
4732,デッドアナトミア,死亡解剖
4733,求道者のメス,求道者的手术刀
4734,月虹のメス,月虹制手术刀
4735,サージャンブレイドΩ,军刀Ω
4736,ヘルヘイム,地狱海姆
4737,無のメス,無制手术刀
4738,アウトブレイク,爆发
4739,ヒポクラテスの誓い,希波克拉底誓言
4740,アルテイストの誇り,阿尔泰斯特的荣耀
4741,最後のメス,最终之手术刀
4742,癒水刃ブリギット,治愈水刃布里奇德
4744,ハロウィン,万圣节
4745,デュエリストのカード,决斗者的卡牌
4746,ファンタジア,幻想曲
4747,ラストハロウィン,最后的万圣节
4748,ラーのカード,拉之卡牌
4749,聖皇のカード,圣皇制卡牌
4750,闇皇のカード,暗皇制卡牌
4751,陰陽混沌札,阴阳混沌札
4752,冥界のタロット,冥界的塔罗
4753,月虹のカード,月虹制卡牌
4754,フェアリーカーニバル,妖精嘉年华
4755,魂のデュエリスト,魂之决斗者
4756,太極陰陽混沌札,太极阴阳混沌符
4757,無のカード,無制卡牌
4758,デッドマンズハンド,死人之手
4759,ジョーカー,小丑
4760,七つの大罪・怠惰,七宗罪・怠惰
4761,ファンタジスタ,幻想师
4762,光と闇のカード,光与暗的卡牌
4763,最後のカード,最终之卡牌
4764,覇禁札ラー,霸禁符拉
4766,花鳥風月,花鸟风月
4767,気高き者の皿,高贵者的盘
4768,地母神の皿,地母神的盘
4769,メカニックディッシュ改,机械盘改
4770,神農の奉皿,神农的供盘
4771,聖皇の皿,圣皇制盘
4772,闇皇の皿,暗皇制盘
4773,レジェンド,传奇
4774,サロメの魔華皿,撒罗默的魔华盘
4775,月虹の皿,月虹制盘
4776,ハイノーブル,高贵
4777,蛸蝕祭,章鱼吞噬祭
4778,究極麗皿・雪月花,究极丽盘・雪月花
4779,スペリオル,卓越
4780,無の皿,無制盘
4781,ルミナスレジェンド,光辉传说
4782,デメテル,德墨忒尔
4783,馘華皿サロメ,斩首盘撒罗默
4784,狂酔皿ディオニュソス,狂醉盘狄俄尼索斯
4785,最後の皿,最终之盘
4786,五穀皿・神農,五谷盘・神农
4788,天魔教義,天魔教义
4789,白きラジエル,白之拉结尔
4790,闇のヴェーダ,暗之吠陀
4791,究極快楽秘本,究极快乐秘本
4792,アルケミスト大全,炼金术大全
4793,グノーシス真書,格诺西丝真书
4794,終末のヴェーダ,终末的吠陀
4795,アンリミテッドレコード,无限记录
4796,マスターアルケミスト,大师炼金术士
4797,科学大全,""
4798,レインボーセンス,彩虹感官
4799,究極科学大全,究极科学大全
4800,グノーシス・エゴ,格诺西丝・自我
4801,邪神の書,邪神之书
4802,トリスメギストス,三重伟大
4803,ブック・オブ・エターナル,永恒之书
4804,カーマスートラ,卡玛斯特拉
4805,インフィニティセンス,无限感知
4806,全てを識る者,全知者
4807,第九絶滅,第九绝灭
4808,プリンキピア,原理
4809,グノーシス黙示録,格诺西丝默示录
4810,プロメテウス,普罗米修斯
4811,カオスレコード,混沌记录
4812,邪神覇皇の書,邪神霸皇之书
4814,狩猟竜銃,狩猎龙铳
4815,ダークルージュ,暗红
4816,魔女のマスケット・終式,魔女滑膛枪・终式
4817,パルスライフル,脉冲步枪
4818,ジブリール・エンデ,吉普莉露・终结
4819,絶滅竜銃,灭绝龙铳
4820,アルティメイトマスケット,究极滑膛枪
4821,統合型パルスライフル,综合型脉冲步枪
4822,禁霊銃ネピリム,禁灵铳拿非利
4823,讐霊銃ネメシス,仇灵铳涅墨西斯
4824,アルテマパルサー,究极脉冲
4825,エクゼキューショナー,执行官
4826,エグゼター,执行者
4827,シンギュラリティ,奇点
4828,メギドファイア,灭世劫炎
4829,冥府の魔銃,冥府魔铳
4830,影銃・傀儡月,影铳・傀儡月
4831,黒銃・紬糸,黑铳・织丝
4832,ドゥームズデイ,末日审判
4833,傀儡炸筒・影瑠璃,傀儡炸筒・影琉璃
4834,傀儡炸筒・紬舞,傀儡炸筒・䌷舞
4835,禁霊銃ネピリム零式,禁灵铳拿非利零式
4836,讐霊銃ネメシス終式,仇灵铳涅墨西斯终式
4837,真アルティメイトマスケット,真究极滑膛枪
4838,ブラッディアームズ,血腥武器
4840,悪徳の栄え・ソドム,恶德荣光・所多玛
4841,アフロディーテ・アリス,阿佛洛狄忒・爱丽丝
4842,エクソダスハンド,救赎之手
4843,疾風セレナーデ,疾风小夜曲
4844,ユートピア,乌托邦
4845,くのいちの妖壺,女忍的妖壶
4846,失楽,失乐
4847,イシスの聖膣,伊西丝的圣穴
4848,七つの大罪・色欲,七宗罪・色欲
4849,ディストピア,绝望
4850,サイコエクセント,念动超凡
4851,淫欲禍アフロディーテ,淫欲祸阿佛洛狄忒
4852,無限悪夢,无限恶梦
4853,絶淫拳,绝淫拳
